,Data_Source,Date,compound,neg,neu,pos,tweet
0,@BBC,2017-12-11,-0.4019,0.231,0.769,0.0,100
1,@BBC,2017-12-11,0.0,0.0,1.0,0.0,99
2,@BBC,2017-12-11,0.4939,0.0,0.849,0.151,98
3,@BBC,2017-12-11,-0.5574,0.135,0.865,0.0,97
4,@BBC,2017-12-11,0.0,0.0,1.0,0.0,96
5,@BBC,2017-12-11,0.34,0.0,0.888,0.112,95
6,@BBC,2017-12-11,0.4939,0.0,0.814,0.186,94
7,@BBC,2017-12-11,0.128,0.0,0.933,0.067,93
8,@BBC,2017-12-11,-0.5574,0.146,0.854,0.0,92
9,@BBC,2017-12-11,0.0,0.0,1.0,0.0,91
10,@BBC,2017-12-11,0.0,0.0,1.0,0.0,90
11,@BBC,2017-12-11,0.0,0.0,1.0,0.0,89
12,@BBC,2017-12-11,0.4199,0.0,0.872,0.128,88
13,@BBC,2017-12-11,0.4588,0.0,0.85,0.15,87
14,@BBC,2017-12-11,0.0,0.0,1.0,0.0,86
15,@BBC,2017-12-11,0.7177,0.0,0.667,0.333,85
16,@BBC,2017-12-11,0.0,0.0,1.0,0.0,84
17,@BBC,2017-12-11,-0.296,0.104,0.896,0.0,83
18,@BBC,2017-12-11,0.2023,0.0,0.887,0.113,82
19,@BBC,2017-12-11,0.0,0.0,1.0,0.0,81
20,@BBC,2017-12-11,-0.743,0.296,0.704,0.0,80
21,@BBC,2017-12-11,0.0,0.0,1.0,0.0,79
22,@BBC,2017-12-11,-0.4215,0.128,0.872,0.0,78
23,@BBC,2017-12-11,0.0,0.0,1.0,0.0,77
24,@BBC,2017-12-11,0.6124,0.064,0.738,0.198,76
25,@BBC,2017-12-11,0.0,0.0,1.0,0.0,75
26,@BBC,2017-12-11,0.0258,0.132,0.696,0.172,74
27,@BBC,2017-12-11,-0.34,0.124,0.876,0.0,73
28,@BBC,2017-12-11,0.5574,0.0,0.805,0.195,72
29,@BBC,2017-12-11,0.0,0.0,1.0,0.0,71
30,@BBC,2017-12-11,0.5859,0.0,0.821,0.179,70
31,@BBC,2017-12-11,0.0,0.0,1.0,0.0,69
32,@BBC,2017-12-11,0.7783,0.0,0.702,0.298,68
33,@BBC,2017-12-11,0.3182,0.0,0.897,0.103,67
34,@BBC,2017-12-11,-0.2869,0.119,0.803,0.078,66
35,@BBC,2017-12-11,0.0,0.0,1.0,0.0,65
36,@BBC,2017-12-11,0.4926,0.0,0.873,0.127,64
37,@BBC,2017-12-11,-0.4215,0.243,0.543,0.214,63
38,@BBC,2017-12-11,0.0,0.0,1.0,0.0,62
39,@BBC,2017-12-11,0.0,0.0,1.0,0.0,61
40,@BBC,2017-12-11,0.636,0.0,0.756,0.244,60
41,@BBC,2017-12-11,0.2732,0.0,0.9,0.1,59
42,@BBC,2017-12-10,0.6915,0.0,0.56,0.44,58
43,@BBC,2017-12-10,0.0,0.0,1.0,0.0,57
44,@BBC,2017-12-10,0.4391,0.0,0.855,0.145,56
45,@BBC,2017-12-10,-0.3818,0.126,0.874,0.0,55
46,@BBC,2017-12-10,0.0,0.0,1.0,0.0,54
47,@BBC,2017-12-10,0.0,0.0,1.0,0.0,53
48,@BBC,2017-12-10,0.0,0.0,1.0,0.0,52
49,@BBC,2017-12-10,-0.5574,0.231,0.769,0.0,51
50,@BBC,2017-12-10,-0.836,0.283,0.717,0.0,50
51,@BBC,2017-12-10,0.0,0.0,1.0,0.0,49
52,@BBC,2017-12-10,0.4019,0.0,0.87,0.13,48
53,@BBC,2017-12-10,0.9169,0.0,0.482,0.518,47
54,@BBC,2017-12-10,0.0,0.0,1.0,0.0,46
55,@BBC,2017-12-10,-0.5267,0.152,0.848,0.0,45
56,@BBC,2017-12-10,0.0,0.0,1.0,0.0,44
57,@BBC,2017-12-10,0.5106,0.0,0.837,0.163,43
58,@BBC,2017-12-10,0.7096,0.0,0.604,0.396,42
59,@BBC,2017-12-10,-0.1803,0.213,0.602,0.185,41
60,@BBC,2017-12-10,0.6249,0.0,0.797,0.203,40
61,@BBC,2017-12-10,0.5574,0.0,0.816,0.184,39
62,@BBC,2017-12-10,0.5719,0.0,0.73,0.27,38
63,@BBC,2017-12-10,-0.2263,0.137,0.863,0.0,37
64,@BBC,2017-12-10,0.8765,0.116,0.555,0.329,36
65,@BBC,2017-12-10,0.0,0.0,1.0,0.0,35
66,@BBC,2017-12-10,0.25,0.0,0.9,0.1,34
67,@BBC,2017-12-10,0.5279,0.0,0.86,0.14,33
68,@BBC,2017-12-10,0.4588,0.0,0.864,0.136,32
69,@BBC,2017-12-10,0.0,0.0,1.0,0.0,31
70,@BBC,2017-12-10,0.3595,0.0,0.878,0.122,30
71,@BBC,2017-12-10,0.0,0.0,1.0,0.0,29
72,@BBC,2017-12-10,0.4767,0.083,0.725,0.192,28
73,@BBC,2017-12-10,0.0,0.0,1.0,0.0,27
74,@BBC,2017-12-10,0.5574,0.0,0.813,0.187,26
75,@BBC,2017-12-10,0.0,0.0,1.0,0.0,25
76,@BBC,2017-12-10,-0.4063,0.189,0.811,0.0,24
77,@BBC,2017-12-10,0.0,0.0,1.0,0.0,23
78,@BBC,2017-12-10,0.6369,0.0,0.769,0.231,22
79,@BBC,2017-12-10,0.0,0.0,1.0,0.0,21
80,@BBC,2017-12-10,0.0,0.0,1.0,0.0,20
81,@BBC,2017-12-10,0.4939,0.0,0.868,0.132,19
82,@BBC,2017-12-10,0.0,0.0,1.0,0.0,18
83,@BBC,2017-12-10,-0.8271,0.312,0.688,0.0,17
84,@BBC,2017-12-10,0.6588,0.0,0.747,0.253,16
85,@BBC,2017-12-10,0.7597,0.0,0.763,0.237,15
86,@BBC,2017-12-10,-0.4215,0.163,0.773,0.064,14
87,@BBC,2017-12-10,0.7579,0.0,0.735,0.265,13
88,@BBC,2017-12-10,0.0,0.0,1.0,0.0,12
89,@BBC,2017-12-10,0.4588,0.0,0.857,0.143,11
90,@BBC,2017-12-10,-0.3612,0.102,0.898,0.0,10
91,@BBC,2017-12-09,0.5743,0.0,0.821,0.179,9
92,@BBC,2017-12-09,-0.3595,0.135,0.865,0.0,8
93,@BBC,2017-12-09,0.7783,0.0,0.756,0.244,7
94,@BBC,2017-12-09,0.0,0.0,1.0,0.0,6
95,@BBC,2017-12-09,0.8911,0.096,0.468,0.436,5
96,@BBC,2017-12-09,0.0,0.0,1.0,0.0,4
97,@BBC,2017-12-09,0.3182,0.092,0.763,0.145,3
98,@BBC,2017-12-09,0.4939,0.0,0.856,0.144,2
99,@BBC,2017-12-09,0.8655,0.0,0.64,0.36,1
100,@CBS,2017-12-11,0.8832,0.0,0.636,0.364,100
101,@CBS,2017-12-11,0.4939,0.086,0.703,0.211,99
102,@CBS,2017-12-11,-0.2263,0.083,0.917,0.0,98
103,@CBS,2017-12-11,-0.2263,0.087,0.913,0.0,97
104,@CBS,2017-12-10,0.0772,0.0,0.936,0.064,96
105,@CBS,2017-12-10,0.0,0.0,1.0,0.0,95
106,@CBS,2017-12-09,0.5754,0.07,0.742,0.189,94
107,@CBS,2017-12-09,0.6476,0.0,0.791,0.209,93
108,@CBS,2017-12-08,0.8126,0.0,0.697,0.303,92
109,@CBS,2017-12-07,0.7777,0.0,0.746,0.254,91
110,@CBS,2017-12-07,0.5423,0.0,0.863,0.137,90
111,@CBS,2017-12-06,0.3182,0.0,0.874,0.126,89
112,@CBS,2017-12-05,0.1511,0.0,0.91,0.09,88
113,@CBS,2017-12-05,0.4199,0.0,0.883,0.117,87
114,@CBS,2017-12-05,0.5106,0.0,0.837,0.163,86
115,@CBS,2017-12-05,0.0,0.0,1.0,0.0,85
116,@CBS,2017-12-04,0.3612,0.0,0.894,0.106,84
117,@CBS,2017-12-04,0.9217,0.0,0.496,0.504,83
118,@CBS,2017-12-04,0.5213,0.0,0.813,0.187,82
119,@CBS,2017-12-04,-0.5655,0.177,0.823,0.0,81
120,@CBS,2017-12-04,0.9466,0.0,0.328,0.672,80
121,@CBS,2017-12-04,0.5994,0.0,0.719,0.281,79
122,@CBS,2017-12-04,0.7906,0.0,0.731,0.269,78
123,@CBS,2017-12-04,0.8689,0.0,0.671,0.329,77
124,@CBS,2017-12-04,0.8016,0.0,0.736,0.264,76
125,@CBS,2017-12-04,0.5719,0.0,0.844,0.156,75
126,@CBS,2017-12-04,0.0,0.0,1.0,0.0,74
127,@CBS,2017-12-04,0.25,0.0,0.867,0.133,73
128,@CBS,2017-12-04,0.0,0.0,1.0,0.0,72
129,@CBS,2017-12-04,0.0,0.0,1.0,0.0,71
130,@CBS,2017-12-04,0.8591,0.0,0.513,0.487,70
131,@CBS,2017-12-04,-0.2263,0.076,0.924,0.0,69
132,@CBS,2017-12-04,0.5574,0.0,0.806,0.194,68
133,@CBS,2017-12-04,0.3612,0.0,0.762,0.238,67
134,@CBS,2017-12-04,0.4588,0.0,0.864,0.136,66
135,@CBS,2017-12-04,0.807,0.0,0.644,0.356,65
136,@CBS,2017-12-04,0.4574,0.0,0.87,0.13,64
137,@CBS,2017-12-04,-0.2263,0.095,0.905,0.0,63
138,@CBS,2017-12-03,0.8271,0.0,0.648,0.352,62
139,@CBS,2017-12-03,0.7783,0.0,0.714,0.286,61
140,@CBS,2017-12-03,0.8658,0.0,0.614,0.386,60
141,@CBS,2017-12-03,0.8516,0.0,0.647,0.353,59
142,@CBS,2017-12-03,0.7897,0.0,0.72,0.28,58
143,@CBS,2017-12-02,0.6166,0.0,0.825,0.175,57
144,@CBS,2017-12-02,0.1867,0.0,0.902,0.098,56
145,@CBS,2017-12-02,0.6996,0.0,0.821,0.179,55
146,@CBS,2017-12-02,-0.3595,0.128,0.872,0.0,54
147,@CBS,2017-12-01,0.3612,0.0,0.884,0.116,53
148,@CBS,2017-12-01,0.4199,0.0,0.866,0.134,52
149,@CBS,2017-12-01,0.7707,0.0,0.718,0.282,51
150,@CBS,2017-12-01,0.0,0.0,1.0,0.0,50
151,@CBS,2017-12-01,0.8221,0.0,0.691,0.309,49
152,@CBS,2017-12-01,0.0,0.0,1.0,0.0,48
153,@CBS,2017-12-01,0.0,0.0,1.0,0.0,47
154,@CBS,2017-12-01,0.0,0.0,1.0,0.0,46
155,@CBS,2017-12-01,0.6893,0.0,0.749,0.251,45
156,@CBS,2017-12-01,0.1901,0.0,0.907,0.093,44
157,@CBS,2017-12-01,0.296,0.0,0.872,0.128,43
158,@CBS,2017-11-30,0.0,0.0,1.0,0.0,42
159,@CBS,2017-11-30,0.6115,0.0,0.773,0.227,41
160,@CBS,2017-11-30,0.0,0.0,1.0,0.0,40
161,@CBS,2017-11-30,0.6808,0.0,0.752,0.248,39
162,@CBS,2017-11-30,0.3612,0.0,0.865,0.135,38
163,@CBS,2017-11-30,0.0,0.0,1.0,0.0,37
164,@CBS,2017-11-30,-0.3595,0.128,0.872,0.0,36
165,@CBS,2017-11-30,0.6239,0.0,0.55,0.45,35
166,@CBS,2017-11-30,0.0,0.0,1.0,0.0,34
167,@CBS,2017-11-30,0.5542,0.0,0.796,0.204,33
168,@CBS,2017-11-30,0.0,0.0,1.0,0.0,32
169,@CBS,2017-11-30,0.0,0.0,1.0,0.0,31
170,@CBS,2017-11-30,0.0,0.0,1.0,0.0,30
171,@CBS,2017-11-30,0.7482,0.0,0.566,0.434,29
172,@CBS,2017-11-30,0.8513,0.0,0.458,0.542,28
173,@CBS,2017-11-30,0.7232,0.0,0.698,0.302,27
174,@CBS,2017-11-30,0.0,0.0,1.0,0.0,26
175,@CBS,2017-11-30,0.8979,0.049,0.557,0.394,25
176,@CBS,2017-11-30,0.0,0.0,1.0,0.0,24
177,@CBS,2017-11-30,0.6988,0.0,0.548,0.452,23
178,@CBS,2017-11-30,0.0,0.0,1.0,0.0,22
179,@CBS,2017-11-30,0.7067,0.0,0.754,0.246,21
180,@CBS,2017-11-30,0.0,0.0,1.0,0.0,20
181,@CBS,2017-11-30,0.0,0.0,1.0,0.0,19
182,@CBS,2017-11-30,0.6514,0.0,0.842,0.158,18
183,@CBS,2017-11-30,0.1139,0.0,0.936,0.064,17
184,@CBS,2017-11-29,0.6825,0.0,0.772,0.228,16
185,@CBS,2017-11-29,0.5826,0.0,0.848,0.152,15
186,@CBS,2017-11-29,0.0,0.0,1.0,0.0,14
187,@CBS,2017-11-29,0.0,0.0,1.0,0.0,13
188,@CBS,2017-11-29,0.0,0.0,1.0,0.0,12
189,@CBS,2017-11-29,0.0,0.0,1.0,0.0,11
190,@CBS,2017-11-29,0.4559,0.0,0.858,0.142,10
191,@CBS,2017-11-29,0.0,0.0,1.0,0.0,9
192,@CBS,2017-11-29,0.6124,0.0,0.8,0.2,8
193,@CBS,2017-11-29,0.4926,0.0,0.842,0.158,7
194,@CBS,2017-11-29,0.6696,0.0,0.809,0.191,6
195,@CBS,2017-11-29,0.6696,0.0,0.817,0.183,5
196,@CBS,2017-11-29,0.4201,0.087,0.754,0.158,4
197,@CBS,2017-11-29,0.5826,0.0,0.848,0.152,3
198,@CBS,2017-11-29,0.5106,0.0,0.751,0.249,2
199,@CBS,2017-11-29,0.9476,0.0,0.551,0.449,1
200,@CNN,2017-12-11,0.4019,0.0,0.863,0.137,100
201,@CNN,2017-12-11,0.0,0.0,1.0,0.0,99
202,@CNN,2017-12-11,0.0,0.0,1.0,0.0,98
203,@CNN,2017-12-11,0.0772,0.0,0.939,0.061,97
204,@CNN,2017-12-11,0.0,0.0,1.0,0.0,96
205,@CNN,2017-12-11,0.0,0.0,1.0,0.0,95
206,@CNN,2017-12-11,0.3612,0.0,0.894,0.106,94
207,@CNN,2017-12-11,0.0,0.0,1.0,0.0,93
208,@CNN,2017-12-11,-0.296,0.115,0.885,0.0,92
209,@CNN,2017-12-11,-0.2732,0.108,0.837,0.054,91
210,@CNN,2017-12-11,0.0,0.0,1.0,0.0,90
211,@CNN,2017-12-11,-0.5719,0.207,0.793,0.0,89
212,@CNN,2017-12-11,0.5574,0.0,0.796,0.204,88
213,@CNN,2017-12-11,-0.1027,0.069,0.931,0.0,87
214,@CNN,2017-12-11,0.0,0.0,1.0,0.0,86
215,@CNN,2017-12-11,0.0,0.0,1.0,0.0,85
216,@CNN,2017-12-11,-0.296,0.099,0.901,0.0,84
217,@CNN,2017-12-11,-0.34,0.13,0.87,0.0,83
218,@CNN,2017-12-11,-0.6486,0.249,0.751,0.0,82
219,@CNN,2017-12-11,0.0,0.0,1.0,0.0,81
220,@CNN,2017-12-11,0.0,0.0,1.0,0.0,80
221,@CNN,2017-12-11,0.0,0.0,1.0,0.0,79
222,@CNN,2017-12-11,0.3818,0.0,0.865,0.135,78
223,@CNN,2017-12-11,0.0,0.0,1.0,0.0,77
224,@CNN,2017-12-11,0.5983,0.0,0.844,0.156,76
225,@CNN,2017-12-11,0.5106,0.0,0.858,0.142,75
226,@CNN,2017-12-11,0.0,0.0,1.0,0.0,74
227,@CNN,2017-12-11,-0.2263,0.161,0.738,0.101,73
228,@CNN,2017-12-11,-0.1779,0.124,0.777,0.099,72
229,@CNN,2017-12-11,-0.6369,0.245,0.755,0.0,71
230,@CNN,2017-12-11,0.0,0.0,1.0,0.0,70
231,@CNN,2017-12-11,-0.8074,0.343,0.657,0.0,69
232,@CNN,2017-12-11,0.0,0.0,1.0,0.0,68
233,@CNN,2017-12-11,-0.296,0.128,0.872,0.0,67
234,@CNN,2017-12-11,-0.7096,0.258,0.742,0.0,66
235,@CNN,2017-12-11,0.0,0.0,1.0,0.0,65
236,@CNN,2017-12-11,0.0,0.0,1.0,0.0,64
237,@CNN,2017-12-11,0.0,0.0,1.0,0.0,63
238,@CNN,2017-12-11,0.5267,0.0,0.672,0.328,62
239,@CNN,2017-12-11,-0.296,0.104,0.896,0.0,61
240,@CNN,2017-12-11,-0.1027,0.065,0.935,0.0,60
241,@CNN,2017-12-11,0.0,0.0,1.0,0.0,59
242,@CNN,2017-12-11,0.0,0.0,1.0,0.0,58
243,@CNN,2017-12-11,0.2146,0.108,0.74,0.153,57
244,@CNN,2017-12-11,0.0,0.0,1.0,0.0,56
245,@CNN,2017-12-11,0.0,0.0,1.0,0.0,55
246,@CNN,2017-12-11,0.5574,0.0,0.82,0.18,54
247,@CNN,2017-12-11,0.5574,0.0,0.816,0.184,53
248,@CNN,2017-12-11,0.0,0.0,1.0,0.0,52
249,@CNN,2017-12-11,-0.296,0.104,0.896,0.0,51
250,@CNN,2017-12-11,0.0,0.0,1.0,0.0,50
251,@CNN,2017-12-11,0.0,0.0,1.0,0.0,49
252,@CNN,2017-12-11,-0.7096,0.258,0.742,0.0,48
253,@CNN,2017-12-11,-0.4019,0.124,0.876,0.0,47
254,@CNN,2017-12-11,0.0,0.0,1.0,0.0,46
255,@CNN,2017-12-11,0.0,0.0,1.0,0.0,45
256,@CNN,2017-12-11,-0.8591,0.388,0.612,0.0,44
257,@CNN,2017-12-11,0.5423,0.0,0.83,0.17,43
258,@CNN,2017-12-11,-0.4588,0.176,0.824,0.0,42
259,@CNN,2017-12-11,0.0,0.0,1.0,0.0,41
260,@CNN,2017-12-11,0.0,0.0,1.0,0.0,40
261,@CNN,2017-12-11,-0.3612,0.132,0.868,0.0,39
262,@CNN,2017-12-11,-0.296,0.109,0.891,0.0,38
263,@CNN,2017-12-11,-0.6908,0.251,0.749,0.0,37
264,@CNN,2017-12-11,0.25,0.094,0.726,0.179,36
265,@CNN,2017-12-11,0.0,0.0,1.0,0.0,35
266,@CNN,2017-12-11,-0.296,0.104,0.896,0.0,34
267,@CNN,2017-12-11,0.0258,0.0,0.939,0.061,33
268,@CNN,2017-12-11,0.0,0.0,1.0,0.0,32
269,@CNN,2017-12-11,0.6124,0.074,0.698,0.229,31
270,@CNN,2017-12-11,0.3612,0.0,0.857,0.143,30
271,@CNN,2017-12-11,0.0,0.0,1.0,0.0,29
272,@CNN,2017-12-11,0.0,0.0,1.0,0.0,28
273,@CNN,2017-12-11,-0.4939,0.127,0.873,0.0,27
274,@CNN,2017-12-11,0.0,0.0,1.0,0.0,26
275,@CNN,2017-12-11,0.0772,0.0,0.909,0.091,25
276,@CNN,2017-12-11,0.0,0.0,1.0,0.0,24
277,@CNN,2017-12-11,-0.0772,0.085,0.915,0.0,23
278,@CNN,2017-12-11,0.7845,0.0,0.635,0.365,22
279,@CNN,2017-12-11,-0.0772,0.174,0.671,0.154,21
280,@CNN,2017-12-11,-0.4019,0.124,0.876,0.0,20
281,@CNN,2017-12-11,0.5574,0.0,0.765,0.235,19
282,@CNN,2017-12-11,0.7783,0.0,0.673,0.327,18
283,@CNN,2017-12-11,0.0,0.0,1.0,0.0,17
284,@CNN,2017-12-11,0.5983,0.0,0.822,0.178,16
285,@CNN,2017-12-11,0.0,0.0,1.0,0.0,15
286,@CNN,2017-12-11,0.25,0.0,0.9,0.1,14
287,@CNN,2017-12-11,0.0,0.0,1.0,0.0,13
288,@CNN,2017-12-11,0.5574,0.0,0.69,0.31,12
289,@CNN,2017-12-11,0.0,0.0,1.0,0.0,11
290,@CNN,2017-12-11,0.4466,0.0,0.816,0.184,10
291,@CNN,2017-12-11,0.0,0.0,1.0,0.0,9
292,@CNN,2017-12-11,0.8074,0.0,0.644,0.356,8
293,@CNN,2017-12-11,0.0,0.0,1.0,0.0,7
294,@CNN,2017-12-11,-0.6705,0.191,0.809,0.0,6
295,@CNN,2017-12-11,0.0,0.0,1.0,0.0,5
296,@CNN,2017-12-11,-0.802,0.31,0.69,0.0,4
297,@CNN,2017-12-11,-0.7096,0.258,0.742,0.0,3
298,@CNN,2017-12-11,-0.5719,0.198,0.802,0.0,2
299,@CNN,2017-12-11,0.0772,0.0,0.936,0.064,1
300,@FoxNews,2017-12-11,0.0516,0.138,0.714,0.148,100
301,@FoxNews,2017-12-11,0.6249,0.0,0.709,0.291,99
302,@FoxNews,2017-12-11,-0.2263,0.176,0.72,0.104,98
303,@FoxNews,2017-12-11,-0.8316,0.441,0.479,0.08,97
304,@FoxNews,2017-12-11,0.0,0.0,1.0,0.0,96
305,@FoxNews,2017-12-11,-0.2732,0.204,0.659,0.138,95
306,@FoxNews,2017-12-11,-0.6597,0.375,0.625,0.0,94
307,@FoxNews,2017-12-11,-0.3818,0.271,0.729,0.0,93
308,@FoxNews,2017-12-11,0.6794,0.0,0.741,0.259,92
309,@FoxNews,2017-12-11,0.2732,0.0,0.9,0.1,91
310,@FoxNews,2017-12-11,-0.9413,0.497,0.503,0.0,90
311,@FoxNews,2017-12-11,0.7777,0.0,0.606,0.394,89
312,@FoxNews,2017-12-11,0.0,0.139,0.723,0.139,88
313,@FoxNews,2017-12-11,-0.4767,0.147,0.853,0.0,87
314,@FoxNews,2017-12-11,-0.0772,0.133,0.751,0.116,86
315,@FoxNews,2017-12-11,-0.8074,0.399,0.601,0.0,85
316,@FoxNews,2017-12-11,0.0,0.0,1.0,0.0,84
317,@FoxNews,2017-12-11,0.2263,0.0,0.909,0.091,83
318,@FoxNews,2017-12-11,-0.7269,0.478,0.335,0.187,82
319,@FoxNews,2017-12-11,-0.25,0.287,0.549,0.165,81
320,@FoxNews,2017-12-11,0.0,0.0,1.0,0.0,80
321,@FoxNews,2017-12-11,0.0,0.0,1.0,0.0,79
322,@FoxNews,2017-12-11,-0.4767,0.22,0.78,0.0,78
323,@FoxNews,2017-12-11,-0.6808,0.359,0.641,0.0,77
324,@FoxNews,2017-12-11,-0.4767,0.256,0.744,0.0,76
325,@FoxNews,2017-12-11,0.6249,0.0,0.709,0.291,75
326,@FoxNews,2017-12-11,-0.2732,0.16,0.84,0.0,74
327,@FoxNews,2017-12-11,0.5719,0.0,0.812,0.188,73
328,@FoxNews,2017-12-11,0.0,0.0,1.0,0.0,72
329,@FoxNews,2017-12-11,-0.2732,0.245,0.581,0.174,71
330,@FoxNews,2017-12-11,0.2263,0.0,0.863,0.137,70
331,@FoxNews,2017-12-11,-0.296,0.178,0.696,0.126,69
332,@FoxNews,2017-12-11,-0.25,0.287,0.549,0.165,68
333,@FoxNews,2017-12-11,0.0,0.0,1.0,0.0,67
334,@FoxNews,2017-12-11,0.4215,0.0,0.823,0.177,66
335,@FoxNews,2017-12-11,0.0772,0.0,0.86,0.14,65
336,@FoxNews,2017-12-11,0.0,0.0,1.0,0.0,64
337,@FoxNews,2017-12-11,-0.296,0.145,0.855,0.0,63
338,@FoxNews,2017-12-11,0.0,0.0,1.0,0.0,62
339,@FoxNews,2017-12-11,-0.2263,0.176,0.72,0.104,61
340,@FoxNews,2017-12-11,-0.8481,0.406,0.594,0.0,60
341,@FoxNews,2017-12-11,0.0,0.0,1.0,0.0,59
342,@FoxNews,2017-12-11,0.0,0.0,1.0,0.0,58
343,@FoxNews,2017-12-11,-0.296,0.104,0.896,0.0,57
344,@FoxNews,2017-12-11,-0.296,0.099,0.901,0.0,56
345,@FoxNews,2017-12-11,-0.4939,0.132,0.868,0.0,55
346,@FoxNews,2017-12-11,0.0,0.0,1.0,0.0,54
347,@FoxNews,2017-12-11,0.0,0.0,1.0,0.0,53
348,@FoxNews,2017-12-11,0.3612,0.0,0.878,0.122,52
349,@FoxNews,2017-12-11,0.4404,0.0,0.854,0.146,51
350,@FoxNews,2017-12-11,-0.5267,0.175,0.825,0.0,50
351,@FoxNews,2017-12-11,-0.7579,0.302,0.698,0.0,49
352,@FoxNews,2017-12-11,0.0,0.0,1.0,0.0,48
353,@FoxNews,2017-12-11,0.0,0.0,1.0,0.0,47
354,@FoxNews,2017-12-11,-0.4939,0.151,0.849,0.0,46
355,@FoxNews,2017-12-11,-0.4939,0.147,0.798,0.055,45
356,@FoxNews,2017-12-11,-0.5574,0.438,0.446,0.116,44
357,@FoxNews,2017-12-11,-0.3182,0.113,0.887,0.0,43
358,@FoxNews,2017-12-11,0.0772,0.0,0.936,0.064,42
359,@FoxNews,2017-12-11,0.0772,0.0,0.925,0.075,41
360,@FoxNews,2017-12-11,0.0772,0.0,0.944,0.056,40
361,@FoxNews,2017-12-11,0.0772,0.0,0.936,0.064,39
362,@FoxNews,2017-12-11,0.0772,0.0,0.936,0.064,38
363,@FoxNews,2017-12-11,0.0772,0.0,0.915,0.085,37
364,@FoxNews,2017-12-11,0.0772,0.0,0.92,0.08,36
365,@FoxNews,2017-12-11,-0.34,0.245,0.636,0.118,35
366,@FoxNews,2017-12-11,0.0772,0.0,0.92,0.08,34
367,@FoxNews,2017-12-11,0.5859,0.0,0.789,0.211,33
368,@FoxNews,2017-12-11,-0.6124,0.357,0.643,0.0,32
369,@FoxNews,2017-12-11,0.6808,0.0,0.588,0.412,31
370,@FoxNews,2017-12-11,0.34,0.0,0.882,0.118,30
371,@FoxNews,2017-12-11,0.0,0.0,1.0,0.0,29
372,@FoxNews,2017-12-11,0.4767,0.0,0.853,0.147,28
373,@FoxNews,2017-12-11,0.7574,0.0,0.711,0.289,27
374,@FoxNews,2017-12-11,-0.4588,0.25,0.75,0.0,26
375,@FoxNews,2017-12-11,0.4215,0.0,0.763,0.237,25
376,@FoxNews,2017-12-11,-0.3102,0.181,0.694,0.126,24
377,@FoxNews,2017-12-11,-0.2263,0.106,0.894,0.0,23
378,@FoxNews,2017-12-11,0.0,0.0,1.0,0.0,22
379,@FoxNews,2017-12-11,-0.4588,0.158,0.842,0.0,21
380,@FoxNews,2017-12-11,-0.1779,0.185,0.658,0.156,20
381,@FoxNews,2017-12-11,0.3612,0.088,0.766,0.146,19
382,@FoxNews,2017-12-11,0.4019,0.0,0.863,0.137,18
383,@FoxNews,2017-12-11,-0.7841,0.385,0.615,0.0,17
384,@FoxNews,2017-12-11,-0.6249,0.255,0.745,0.0,16
385,@FoxNews,2017-12-11,0.0,0.0,1.0,0.0,15
386,@FoxNews,2017-12-11,-0.296,0.104,0.896,0.0,14
387,@FoxNews,2017-12-11,0.0,0.0,1.0,0.0,13
388,@FoxNews,2017-12-11,0.0,0.0,1.0,0.0,12
389,@FoxNews,2017-12-11,-0.5574,0.365,0.635,0.0,11
390,@FoxNews,2017-12-11,0.5267,0.0,0.848,0.152,10
391,@FoxNews,2017-12-11,-0.4754,0.192,0.735,0.073,9
392,@FoxNews,2017-12-11,-0.8402,0.529,0.471,0.0,8
393,@FoxNews,2017-12-11,0.5267,0.0,0.812,0.188,7
394,@FoxNews,2017-12-11,0.743,0.0,0.73,0.27,6
395,@FoxNews,2017-12-11,0.4767,0.0,0.829,0.171,5
396,@FoxNews,2017-12-11,0.0,0.0,1.0,0.0,4
397,@FoxNews,2017-12-11,0.5267,0.0,0.825,0.175,3
398,@FoxNews,2017-12-11,-0.1027,0.123,0.877,0.0,2
399,@FoxNews,2017-12-11,0.3818,0.0,0.86,0.14,1
400,@nytimes,2017-12-11,-0.296,0.207,0.667,0.127,100
401,@nytimes,2017-12-11,0.8733,0.0,0.573,0.427,99
402,@nytimes,2017-12-11,0.25,0.087,0.787,0.126,98
403,@nytimes,2017-12-11,0.6908,0.0,0.749,0.251,97
404,@nytimes,2017-12-11,0.4215,0.0,0.787,0.213,96
405,@nytimes,2017-12-11,0.0772,0.0,0.843,0.157,95
406,@nytimes,2017-12-11,0.2023,0.168,0.588,0.244,94
407,@nytimes,2017-12-11,-0.7506,0.407,0.484,0.109,93
408,@nytimes,2017-12-11,0.0,0.0,1.0,0.0,92
409,@nytimes,2017-12-11,0.6369,0.0,0.625,0.375,91
410,@nytimes,2017-12-11,0.5267,0.0,0.82,0.18,90
411,@nytimes,2017-12-11,-0.4939,0.176,0.824,0.0,89
412,@nytimes,2017-12-11,-0.34,0.118,0.882,0.0,88
413,@nytimes,2017-12-11,-0.4939,0.127,0.873,0.0,87
414,@nytimes,2017-12-11,-0.296,0.121,0.879,0.0,86
415,@nytimes,2017-12-11,0.0,0.0,1.0,0.0,85
416,@nytimes,2017-12-11,0.0,0.0,1.0,0.0,84
417,@nytimes,2017-12-11,0.4767,0.0,0.853,0.147,83
418,@nytimes,2017-12-11,0.0,0.0,1.0,0.0,82
419,@nytimes,2017-12-11,-0.5106,0.216,0.784,0.0,81
420,@nytimes,2017-12-11,0.0,0.0,1.0,0.0,80
421,@nytimes,2017-12-11,-0.6597,0.241,0.759,0.0,79
422,@nytimes,2017-12-11,-0.1531,0.068,0.932,0.0,78
423,@nytimes,2017-12-11,-0.296,0.099,0.901,0.0,77
424,@nytimes,2017-12-11,0.0,0.0,1.0,0.0,76
425,@nytimes,2017-12-11,-0.8126,0.399,0.435,0.167,75
426,@nytimes,2017-12-11,-0.296,0.207,0.667,0.127,74
427,@nytimes,2017-12-11,-0.8316,0.358,0.642,0.0,73
428,@nytimes,2017-12-11,0.0,0.0,1.0,0.0,72
429,@nytimes,2017-12-11,0.0772,0.0,0.843,0.157,71
430,@nytimes,2017-12-11,-0.7003,0.392,0.608,0.0,70
431,@nytimes,2017-12-11,0.0,0.0,1.0,0.0,69
432,@nytimes,2017-12-11,0.3182,0.0,0.796,0.204,68
433,@nytimes,2017-12-11,0.0772,0.0,0.936,0.064,67
434,@nytimes,2017-12-11,0.0,0.0,1.0,0.0,66
435,@nytimes,2017-12-11,0.0,0.0,1.0,0.0,65
436,@nytimes,2017-12-11,0.0,0.0,1.0,0.0,64
437,@nytimes,2017-12-11,0.0,0.0,1.0,0.0,63
438,@nytimes,2017-12-11,0.0,0.0,1.0,0.0,62
439,@nytimes,2017-12-11,0.4404,0.11,0.686,0.203,61
440,@nytimes,2017-12-11,-0.875,0.37,0.63,0.0,60
441,@nytimes,2017-12-11,0.0,0.0,1.0,0.0,59
442,@nytimes,2017-12-11,0.5423,0.143,0.571,0.286,58
443,@nytimes,2017-12-11,0.0,0.0,1.0,0.0,57
444,@nytimes,2017-12-11,0.0,0.0,1.0,0.0,56
445,@nytimes,2017-12-11,-0.296,0.099,0.901,0.0,55
446,@nytimes,2017-12-11,0.3818,0.124,0.641,0.235,54
447,@nytimes,2017-12-11,-0.3818,0.12,0.88,0.0,53
448,@nytimes,2017-12-11,-0.6369,0.215,0.785,0.0,52
449,@nytimes,2017-12-11,-0.3182,0.126,0.874,0.0,51
450,@nytimes,2017-12-11,0.0,0.0,1.0,0.0,50
451,@nytimes,2017-12-11,0.0,0.0,1.0,0.0,49
452,@nytimes,2017-12-11,0.0,0.0,1.0,0.0,48
453,@nytimes,2017-12-11,0.0,0.0,1.0,0.0,47
454,@nytimes,2017-12-11,-0.6204,0.264,0.665,0.071,46
455,@nytimes,2017-12-11,0.0,0.0,1.0,0.0,45
456,@nytimes,2017-12-11,0.0,0.0,1.0,0.0,44
457,@nytimes,2017-12-11,0.9169,0.0,0.52,0.48,43
458,@nytimes,2017-12-11,0.0,0.0,1.0,0.0,42
459,@nytimes,2017-12-11,0.0,0.0,1.0,0.0,41
460,@nytimes,2017-12-11,0.0,0.0,1.0,0.0,40
461,@nytimes,2017-12-11,0.5859,0.0,0.648,0.352,39
462,@nytimes,2017-12-11,0.4404,0.0,0.868,0.132,38
463,@nytimes,2017-12-11,0.1027,0.105,0.773,0.123,37
464,@nytimes,2017-12-11,-0.6249,0.321,0.584,0.095,36
465,@nytimes,2017-12-11,0.0258,0.053,0.889,0.058,35
466,@nytimes,2017-12-11,-0.3818,0.106,0.894,0.0,34
467,@nytimes,2017-12-11,0.0,0.0,1.0,0.0,33
468,@nytimes,2017-12-11,0.0,0.0,1.0,0.0,32
469,@nytimes,2017-12-11,0.0772,0.0,0.939,0.061,31
470,@nytimes,2017-12-11,0.25,0.14,0.676,0.185,30
471,@nytimes,2017-12-11,0.3612,0.05,0.837,0.113,29
472,@nytimes,2017-12-11,0.4588,0.0,0.833,0.167,28
473,@nytimes,2017-12-11,0.6597,0.0,0.526,0.474,27
474,@nytimes,2017-12-11,-0.7184,0.316,0.684,0.0,26
475,@nytimes,2017-12-11,-0.7906,0.241,0.759,0.0,25
476,@nytimes,2017-12-11,-0.5267,0.386,0.614,0.0,24
477,@nytimes,2017-12-11,0.0,0.0,1.0,0.0,23
478,@nytimes,2017-12-11,0.0,0.0,1.0,0.0,22
479,@nytimes,2017-12-11,0.4215,0.0,0.851,0.149,21
480,@nytimes,2017-12-11,0.7184,0.0,0.75,0.25,20
481,@nytimes,2017-12-11,-0.6705,0.2,0.8,0.0,19
482,@nytimes,2017-12-11,-0.5267,0.274,0.726,0.0,18
483,@nytimes,2017-12-11,0.1779,0.0,0.922,0.078,17
484,@nytimes,2017-12-11,-0.4019,0.137,0.863,0.0,16
485,@nytimes,2017-12-11,-0.6195,0.18,0.82,0.0,15
486,@nytimes,2017-12-11,-0.1531,0.156,0.745,0.099,14
487,@nytimes,2017-12-11,0.6369,0.0,0.543,0.457,13
488,@nytimes,2017-12-11,0.1779,0.0,0.925,0.075,12
489,@nytimes,2017-12-11,0.0,0.0,1.0,0.0,11
490,@nytimes,2017-12-11,0.0,0.0,1.0,0.0,10
491,@nytimes,2017-12-11,0.1027,0.105,0.773,0.123,9
492,@nytimes,2017-12-11,0.0,0.0,1.0,0.0,8
493,@nytimes,2017-12-11,-0.2263,0.128,0.872,0.0,7
494,@nytimes,2017-12-11,0.128,0.143,0.695,0.162,6
495,@nytimes,2017-12-11,0.0,0.0,1.0,0.0,5
496,@nytimes,2017-12-11,0.6467,0.0,0.816,0.184,4
497,@nytimes,2017-12-11,0.4404,0.0,0.674,0.326,3
498,@nytimes,2017-12-11,-0.8316,0.358,0.642,0.0,2
499,@nytimes,2017-12-11,0.0,0.0,1.0,0.0,1
500,@BBC,2017-12-11,-0.4019,0.231,0.769,0.0,100
501,@BBC,2017-12-11,0.0,0.0,1.0,0.0,99
502,@BBC,2017-12-11,0.4939,0.0,0.849,0.151,98
503,@BBC,2017-12-11,-0.5574,0.135,0.865,0.0,97
504,@BBC,2017-12-11,0.0,0.0,1.0,0.0,96
505,@BBC,2017-12-11,0.34,0.0,0.888,0.112,95
506,@BBC,2017-12-11,0.4939,0.0,0.814,0.186,94
507,@BBC,2017-12-11,0.128,0.0,0.933,0.067,93
508,@BBC,2017-12-11,-0.5574,0.146,0.854,0.0,92
509,@BBC,2017-12-11,0.0,0.0,1.0,0.0,91
510,@BBC,2017-12-11,0.0,0.0,1.0,0.0,90
511,@BBC,2017-12-11,0.0,0.0,1.0,0.0,89
512,@BBC,2017-12-11,0.4199,0.0,0.872,0.128,88
513,@BBC,2017-12-11,0.4588,0.0,0.85,0.15,87
514,@BBC,2017-12-11,0.0,0.0,1.0,0.0,86
515,@BBC,2017-12-11,0.7177,0.0,0.667,0.333,85
516,@BBC,2017-12-11,0.0,0.0,1.0,0.0,84
517,@BBC,2017-12-11,-0.296,0.104,0.896,0.0,83
518,@BBC,2017-12-11,0.2023,0.0,0.887,0.113,82
519,@BBC,2017-12-11,0.0,0.0,1.0,0.0,81
520,@BBC,2017-12-11,-0.743,0.296,0.704,0.0,80
521,@BBC,2017-12-11,0.0,0.0,1.0,0.0,79
522,@BBC,2017-12-11,-0.4215,0.128,0.872,0.0,78
523,@BBC,2017-12-11,0.0,0.0,1.0,0.0,77
524,@BBC,2017-12-11,0.6124,0.064,0.738,0.198,76
525,@BBC,2017-12-11,0.0,0.0,1.0,0.0,75
526,@BBC,2017-12-11,0.0258,0.132,0.696,0.172,74
527,@BBC,2017-12-11,-0.34,0.124,0.876,0.0,73
528,@BBC,2017-12-11,0.5574,0.0,0.805,0.195,72
529,@BBC,2017-12-11,0.0,0.0,1.0,0.0,71
530,@BBC,2017-12-11,0.5859,0.0,0.821,0.179,70
531,@BBC,2017-12-11,0.0,0.0,1.0,0.0,69
532,@BBC,2017-12-11,0.7783,0.0,0.702,0.298,68
533,@BBC,2017-12-11,0.3182,0.0,0.897,0.103,67
534,@BBC,2017-12-11,-0.2869,0.119,0.803,0.078,66
535,@BBC,2017-12-11,0.0,0.0,1.0,0.0,65
536,@BBC,2017-12-11,0.4926,0.0,0.873,0.127,64
537,@BBC,2017-12-11,-0.4215,0.243,0.543,0.214,63
538,@BBC,2017-12-11,0.0,0.0,1.0,0.0,62
539,@BBC,2017-12-11,0.0,0.0,1.0,0.0,61
540,@BBC,2017-12-11,0.636,0.0,0.756,0.244,60
541,@BBC,2017-12-11,0.2732,0.0,0.9,0.1,59
542,@BBC,2017-12-10,0.6915,0.0,0.56,0.44,58
543,@BBC,2017-12-10,0.0,0.0,1.0,0.0,57
544,@BBC,2017-12-10,0.4391,0.0,0.855,0.145,56
545,@BBC,2017-12-10,-0.3818,0.126,0.874,0.0,55
546,@BBC,2017-12-10,0.0,0.0,1.0,0.0,54
547,@BBC,2017-12-10,0.0,0.0,1.0,0.0,53
548,@BBC,2017-12-10,0.0,0.0,1.0,0.0,52
549,@BBC,2017-12-10,-0.5574,0.231,0.769,0.0,51
550,@BBC,2017-12-10,-0.836,0.283,0.717,0.0,50
551,@BBC,2017-12-10,0.0,0.0,1.0,0.0,49
552,@BBC,2017-12-10,0.4019,0.0,0.87,0.13,48
553,@BBC,2017-12-10,0.9169,0.0,0.482,0.518,47
554,@BBC,2017-12-10,0.0,0.0,1.0,0.0,46
555,@BBC,2017-12-10,-0.5267,0.152,0.848,0.0,45
556,@BBC,2017-12-10,0.0,0.0,1.0,0.0,44
557,@BBC,2017-12-10,0.5106,0.0,0.837,0.163,43
558,@BBC,2017-12-10,0.7096,0.0,0.604,0.396,42
559,@BBC,2017-12-10,-0.1803,0.213,0.602,0.185,41
560,@BBC,2017-12-10,0.6249,0.0,0.797,0.203,40
561,@BBC,2017-12-10,0.5574,0.0,0.816,0.184,39
562,@BBC,2017-12-10,0.5719,0.0,0.73,0.27,38
563,@BBC,2017-12-10,-0.2263,0.137,0.863,0.0,37
564,@BBC,2017-12-10,0.8765,0.116,0.555,0.329,36
565,@BBC,2017-12-10,0.0,0.0,1.0,0.0,35
566,@BBC,2017-12-10,0.25,0.0,0.9,0.1,34
567,@BBC,2017-12-10,0.5279,0.0,0.86,0.14,33
568,@BBC,2017-12-10,0.4588,0.0,0.864,0.136,32
569,@BBC,2017-12-10,0.0,0.0,1.0,0.0,31
570,@BBC,2017-12-10,0.3595,0.0,0.878,0.122,30
571,@BBC,2017-12-10,0.0,0.0,1.0,0.0,29
572,@BBC,2017-12-10,0.4767,0.083,0.725,0.192,28
573,@BBC,2017-12-10,0.0,0.0,1.0,0.0,27
574,@BBC,2017-12-10,0.5574,0.0,0.813,0.187,26
575,@BBC,2017-12-10,0.0,0.0,1.0,0.0,25
576,@BBC,2017-12-10,-0.4063,0.189,0.811,0.0,24
577,@BBC,2017-12-10,0.0,0.0,1.0,0.0,23
578,@BBC,2017-12-10,0.6369,0.0,0.769,0.231,22
579,@BBC,2017-12-10,0.0,0.0,1.0,0.0,21
580,@BBC,2017-12-10,0.0,0.0,1.0,0.0,20
581,@BBC,2017-12-10,0.4939,0.0,0.868,0.132,19
582,@BBC,2017-12-10,0.0,0.0,1.0,0.0,18
583,@BBC,2017-12-10,-0.8271,0.312,0.688,0.0,17
584,@BBC,2017-12-10,0.6588,0.0,0.747,0.253,16
585,@BBC,2017-12-10,0.7597,0.0,0.763,0.237,15
586,@BBC,2017-12-10,-0.4215,0.163,0.773,0.064,14
587,@BBC,2017-12-10,0.7579,0.0,0.735,0.265,13
588,@BBC,2017-12-10,0.0,0.0,1.0,0.0,12
589,@BBC,2017-12-10,0.4588,0.0,0.857,0.143,11
590,@BBC,2017-12-10,-0.3612,0.102,0.898,0.0,10
591,@BBC,2017-12-09,0.5743,0.0,0.821,0.179,9
592,@BBC,2017-12-09,-0.3595,0.135,0.865,0.0,8
593,@BBC,2017-12-09,0.7783,0.0,0.756,0.244,7
594,@BBC,2017-12-09,0.0,0.0,1.0,0.0,6
595,@BBC,2017-12-09,0.8911,0.096,0.468,0.436,5
596,@BBC,2017-12-09,0.0,0.0,1.0,0.0,4
597,@BBC,2017-12-09,0.3182,0.092,0.763,0.145,3
598,@BBC,2017-12-09,0.4939,0.0,0.856,0.144,2
599,@BBC,2017-12-09,0.8655,0.0,0.64,0.36,1
600,@CBS,2017-12-11,0.8832,0.0,0.636,0.364,100
601,@CBS,2017-12-11,0.4939,0.086,0.703,0.211,99
602,@CBS,2017-12-11,-0.2263,0.083,0.917,0.0,98
603,@CBS,2017-12-11,-0.2263,0.087,0.913,0.0,97
604,@CBS,2017-12-10,0.0772,0.0,0.936,0.064,96
605,@CBS,2017-12-10,0.0,0.0,1.0,0.0,95
606,@CBS,2017-12-09,0.5754,0.07,0.742,0.189,94
607,@CBS,2017-12-09,0.6476,0.0,0.791,0.209,93
608,@CBS,2017-12-08,0.8126,0.0,0.697,0.303,92
609,@CBS,2017-12-07,0.7777,0.0,0.746,0.254,91
610,@CBS,2017-12-07,0.5423,0.0,0.863,0.137,90
611,@CBS,2017-12-06,0.3182,0.0,0.874,0.126,89
612,@CBS,2017-12-05,0.1511,0.0,0.91,0.09,88
613,@CBS,2017-12-05,0.4199,0.0,0.883,0.117,87
614,@CBS,2017-12-05,0.5106,0.0,0.837,0.163,86
615,@CBS,2017-12-05,0.0,0.0,1.0,0.0,85
616,@CBS,2017-12-04,0.3612,0.0,0.894,0.106,84
617,@CBS,2017-12-04,0.9217,0.0,0.496,0.504,83
618,@CBS,2017-12-04,0.5213,0.0,0.813,0.187,82
619,@CBS,2017-12-04,-0.5655,0.177,0.823,0.0,81
620,@CBS,2017-12-04,0.9466,0.0,0.328,0.672,80
621,@CBS,2017-12-04,0.5994,0.0,0.719,0.281,79
622,@CBS,2017-12-04,0.7906,0.0,0.731,0.269,78
623,@CBS,2017-12-04,0.8689,0.0,0.671,0.329,77
624,@CBS,2017-12-04,0.8016,0.0,0.736,0.264,76
625,@CBS,2017-12-04,0.5719,0.0,0.844,0.156,75
626,@CBS,2017-12-04,0.0,0.0,1.0,0.0,74
627,@CBS,2017-12-04,0.25,0.0,0.867,0.133,73
628,@CBS,2017-12-04,0.0,0.0,1.0,0.0,72
629,@CBS,2017-12-04,0.0,0.0,1.0,0.0,71
630,@CBS,2017-12-04,0.8591,0.0,0.513,0.487,70
631,@CBS,2017-12-04,-0.2263,0.076,0.924,0.0,69
632,@CBS,2017-12-04,0.5574,0.0,0.806,0.194,68
633,@CBS,2017-12-04,0.3612,0.0,0.762,0.238,67
634,@CBS,2017-12-04,0.4588,0.0,0.864,0.136,66
635,@CBS,2017-12-04,0.807,0.0,0.644,0.356,65
636,@CBS,2017-12-04,0.4574,0.0,0.87,0.13,64
637,@CBS,2017-12-04,-0.2263,0.095,0.905,0.0,63
638,@CBS,2017-12-03,0.8271,0.0,0.648,0.352,62
639,@CBS,2017-12-03,0.7783,0.0,0.714,0.286,61
640,@CBS,2017-12-03,0.8658,0.0,0.614,0.386,60
641,@CBS,2017-12-03,0.8516,0.0,0.647,0.353,59
642,@CBS,2017-12-03,0.7897,0.0,0.72,0.28,58
643,@CBS,2017-12-02,0.6166,0.0,0.825,0.175,57
644,@CBS,2017-12-02,0.1867,0.0,0.902,0.098,56
645,@CBS,2017-12-02,0.6996,0.0,0.821,0.179,55
646,@CBS,2017-12-02,-0.3595,0.128,0.872,0.0,54
647,@CBS,2017-12-01,0.3612,0.0,0.884,0.116,53
648,@CBS,2017-12-01,0.4199,0.0,0.866,0.134,52
649,@CBS,2017-12-01,0.7707,0.0,0.718,0.282,51
650,@CBS,2017-12-01,0.0,0.0,1.0,0.0,50
651,@CBS,2017-12-01,0.8221,0.0,0.691,0.309,49
652,@CBS,2017-12-01,0.0,0.0,1.0,0.0,48
653,@CBS,2017-12-01,0.0,0.0,1.0,0.0,47
654,@CBS,2017-12-01,0.0,0.0,1.0,0.0,46
655,@CBS,2017-12-01,0.6893,0.0,0.749,0.251,45
656,@CBS,2017-12-01,0.1901,0.0,0.907,0.093,44
657,@CBS,2017-12-01,0.296,0.0,0.872,0.128,43
658,@CBS,2017-11-30,0.0,0.0,1.0,0.0,42
659,@CBS,2017-11-30,0.6115,0.0,0.773,0.227,41
660,@CBS,2017-11-30,0.0,0.0,1.0,0.0,40
661,@CBS,2017-11-30,0.6808,0.0,0.752,0.248,39
662,@CBS,2017-11-30,0.3612,0.0,0.865,0.135,38
663,@CBS,2017-11-30,0.0,0.0,1.0,0.0,37
664,@CBS,2017-11-30,-0.3595,0.128,0.872,0.0,36
665,@CBS,2017-11-30,0.6239,0.0,0.55,0.45,35
666,@CBS,2017-11-30,0.0,0.0,1.0,0.0,34
667,@CBS,2017-11-30,0.5542,0.0,0.796,0.204,33
668,@CBS,2017-11-30,0.0,0.0,1.0,0.0,32
669,@CBS,2017-11-30,0.0,0.0,1.0,0.0,31
670,@CBS,2017-11-30,0.0,0.0,1.0,0.0,30
671,@CBS,2017-11-30,0.7482,0.0,0.566,0.434,29
672,@CBS,2017-11-30,0.8513,0.0,0.458,0.542,28
673,@CBS,2017-11-30,0.7232,0.0,0.698,0.302,27
674,@CBS,2017-11-30,0.0,0.0,1.0,0.0,26
675,@CBS,2017-11-30,0.8979,0.049,0.557,0.394,25
676,@CBS,2017-11-30,0.0,0.0,1.0,0.0,24
677,@CBS,2017-11-30,0.6988,0.0,0.548,0.452,23
678,@CBS,2017-11-30,0.0,0.0,1.0,0.0,22
679,@CBS,2017-11-30,0.7067,0.0,0.754,0.246,21
680,@CBS,2017-11-30,0.0,0.0,1.0,0.0,20
681,@CBS,2017-11-30,0.0,0.0,1.0,0.0,19
682,@CBS,2017-11-30,0.6514,0.0,0.842,0.158,18
683,@CBS,2017-11-30,0.1139,0.0,0.936,0.064,17
684,@CBS,2017-11-29,0.6825,0.0,0.772,0.228,16
685,@CBS,2017-11-29,0.5826,0.0,0.848,0.152,15
686,@CBS,2017-11-29,0.0,0.0,1.0,0.0,14
687,@CBS,2017-11-29,0.0,0.0,1.0,0.0,13
688,@CBS,2017-11-29,0.0,0.0,1.0,0.0,12
689,@CBS,2017-11-29,0.0,0.0,1.0,0.0,11
690,@CBS,2017-11-29,0.4559,0.0,0.858,0.142,10
691,@CBS,2017-11-29,0.0,0.0,1.0,0.0,9
692,@CBS,2017-11-29,0.6124,0.0,0.8,0.2,8
693,@CBS,2017-11-29,0.4926,0.0,0.842,0.158,7
694,@CBS,2017-11-29,0.6696,0.0,0.809,0.191,6
695,@CBS,2017-11-29,0.6696,0.0,0.817,0.183,5
696,@CBS,2017-11-29,0.4201,0.087,0.754,0.158,4
697,@CBS,2017-11-29,0.5826,0.0,0.848,0.152,3
698,@CBS,2017-11-29,0.5106,0.0,0.751,0.249,2
699,@CBS,2017-11-29,0.9476,0.0,0.551,0.449,1
700,@CNN,2017-12-11,0.4019,0.0,0.863,0.137,100
701,@CNN,2017-12-11,0.0,0.0,1.0,0.0,99
702,@CNN,2017-12-11,0.0,0.0,1.0,0.0,98
703,@CNN,2017-12-11,0.0772,0.0,0.939,0.061,97
704,@CNN,2017-12-11,0.0,0.0,1.0,0.0,96
705,@CNN,2017-12-11,0.0,0.0,1.0,0.0,95
706,@CNN,2017-12-11,0.3612,0.0,0.894,0.106,94
707,@CNN,2017-12-11,0.0,0.0,1.0,0.0,93
708,@CNN,2017-12-11,-0.296,0.115,0.885,0.0,92
709,@CNN,2017-12-11,-0.2732,0.108,0.837,0.054,91
710,@CNN,2017-12-11,0.0,0.0,1.0,0.0,90
711,@CNN,2017-12-11,-0.5719,0.207,0.793,0.0,89
712,@CNN,2017-12-11,0.5574,0.0,0.796,0.204,88
713,@CNN,2017-12-11,-0.1027,0.069,0.931,0.0,87
714,@CNN,2017-12-11,0.0,0.0,1.0,0.0,86
715,@CNN,2017-12-11,0.0,0.0,1.0,0.0,85
716,@CNN,2017-12-11,-0.296,0.099,0.901,0.0,84
717,@CNN,2017-12-11,-0.34,0.13,0.87,0.0,83
718,@CNN,2017-12-11,-0.6486,0.249,0.751,0.0,82
719,@CNN,2017-12-11,0.0,0.0,1.0,0.0,81
720,@CNN,2017-12-11,0.0,0.0,1.0,0.0,80
721,@CNN,2017-12-11,0.0,0.0,1.0,0.0,79
722,@CNN,2017-12-11,0.3818,0.0,0.865,0.135,78
723,@CNN,2017-12-11,0.0,0.0,1.0,0.0,77
724,@CNN,2017-12-11,0.5983,0.0,0.844,0.156,76
725,@CNN,2017-12-11,0.5106,0.0,0.858,0.142,75
726,@CNN,2017-12-11,0.0,0.0,1.0,0.0,74
727,@CNN,2017-12-11,-0.2263,0.161,0.738,0.101,73
728,@CNN,2017-12-11,-0.1779,0.124,0.777,0.099,72
729,@CNN,2017-12-11,-0.6369,0.245,0.755,0.0,71
730,@CNN,2017-12-11,0.0,0.0,1.0,0.0,70
731,@CNN,2017-12-11,-0.8074,0.343,0.657,0.0,69
732,@CNN,2017-12-11,0.0,0.0,1.0,0.0,68
733,@CNN,2017-12-11,-0.296,0.128,0.872,0.0,67
734,@CNN,2017-12-11,-0.7096,0.258,0.742,0.0,66
735,@CNN,2017-12-11,0.0,0.0,1.0,0.0,65
736,@CNN,2017-12-11,0.0,0.0,1.0,0.0,64
737,@CNN,2017-12-11,0.0,0.0,1.0,0.0,63
738,@CNN,2017-12-11,0.5267,0.0,0.672,0.328,62
739,@CNN,2017-12-11,-0.296,0.104,0.896,0.0,61
740,@CNN,2017-12-11,-0.1027,0.065,0.935,0.0,60
741,@CNN,2017-12-11,0.0,0.0,1.0,0.0,59
742,@CNN,2017-12-11,0.0,0.0,1.0,0.0,58
743,@CNN,2017-12-11,0.2146,0.108,0.74,0.153,57
744,@CNN,2017-12-11,0.0,0.0,1.0,0.0,56
745,@CNN,2017-12-11,0.0,0.0,1.0,0.0,55
746,@CNN,2017-12-11,0.5574,0.0,0.82,0.18,54
747,@CNN,2017-12-11,0.5574,0.0,0.816,0.184,53
748,@CNN,2017-12-11,0.0,0.0,1.0,0.0,52
749,@CNN,2017-12-11,-0.296,0.104,0.896,0.0,51
750,@CNN,2017-12-11,0.0,0.0,1.0,0.0,50
751,@CNN,2017-12-11,0.0,0.0,1.0,0.0,49
752,@CNN,2017-12-11,-0.7096,0.258,0.742,0.0,48
753,@CNN,2017-12-11,-0.4019,0.124,0.876,0.0,47
754,@CNN,2017-12-11,0.0,0.0,1.0,0.0,46
755,@CNN,2017-12-11,0.0,0.0,1.0,0.0,45
756,@CNN,2017-12-11,-0.8591,0.388,0.612,0.0,44
757,@CNN,2017-12-11,0.5423,0.0,0.83,0.17,43
758,@CNN,2017-12-11,-0.4588,0.176,0.824,0.0,42
759,@CNN,2017-12-11,0.0,0.0,1.0,0.0,41
760,@CNN,2017-12-11,0.0,0.0,1.0,0.0,40
761,@CNN,2017-12-11,-0.3612,0.132,0.868,0.0,39
762,@CNN,2017-12-11,-0.296,0.109,0.891,0.0,38
763,@CNN,2017-12-11,-0.6908,0.251,0.749,0.0,37
764,@CNN,2017-12-11,0.25,0.094,0.726,0.179,36
765,@CNN,2017-12-11,0.0,0.0,1.0,0.0,35
766,@CNN,2017-12-11,-0.296,0.104,0.896,0.0,34
767,@CNN,2017-12-11,0.0258,0.0,0.939,0.061,33
768,@CNN,2017-12-11,0.0,0.0,1.0,0.0,32
769,@CNN,2017-12-11,0.6124,0.074,0.698,0.229,31
770,@CNN,2017-12-11,0.3612,0.0,0.857,0.143,30
771,@CNN,2017-12-11,0.0,0.0,1.0,0.0,29
772,@CNN,2017-12-11,0.0,0.0,1.0,0.0,28
773,@CNN,2017-12-11,-0.4939,0.127,0.873,0.0,27
774,@CNN,2017-12-11,0.0,0.0,1.0,0.0,26
775,@CNN,2017-12-11,0.0772,0.0,0.909,0.091,25
776,@CNN,2017-12-11,0.0,0.0,1.0,0.0,24
777,@CNN,2017-12-11,-0.0772,0.085,0.915,0.0,23
778,@CNN,2017-12-11,0.7845,0.0,0.635,0.365,22
779,@CNN,2017-12-11,-0.0772,0.174,0.671,0.154,21
780,@CNN,2017-12-11,-0.4019,0.124,0.876,0.0,20
781,@CNN,2017-12-11,0.5574,0.0,0.765,0.235,19
782,@CNN,2017-12-11,0.7783,0.0,0.673,0.327,18
783,@CNN,2017-12-11,0.0,0.0,1.0,0.0,17
784,@CNN,2017-12-11,0.5983,0.0,0.822,0.178,16
785,@CNN,2017-12-11,0.0,0.0,1.0,0.0,15
786,@CNN,2017-12-11,0.25,0.0,0.9,0.1,14
787,@CNN,2017-12-11,0.0,0.0,1.0,0.0,13
788,@CNN,2017-12-11,0.5574,0.0,0.69,0.31,12
789,@CNN,2017-12-11,0.0,0.0,1.0,0.0,11
790,@CNN,2017-12-11,0.4466,0.0,0.816,0.184,10
791,@CNN,2017-12-11,0.0,0.0,1.0,0.0,9
792,@CNN,2017-12-11,0.8074,0.0,0.644,0.356,8
793,@CNN,2017-12-11,0.0,0.0,1.0,0.0,7
794,@CNN,2017-12-11,-0.6705,0.191,0.809,0.0,6
795,@CNN,2017-12-11,0.0,0.0,1.0,0.0,5
796,@CNN,2017-12-11,-0.802,0.31,0.69,0.0,4
797,@CNN,2017-12-11,-0.7096,0.258,0.742,0.0,3
798,@CNN,2017-12-11,-0.5719,0.198,0.802,0.0,2
799,@CNN,2017-12-11,0.0772,0.0,0.936,0.064,1
800,@FoxNews,2017-12-11,0.0516,0.138,0.714,0.148,100
801,@FoxNews,2017-12-11,0.6249,0.0,0.709,0.291,99
802,@FoxNews,2017-12-11,-0.2263,0.176,0.72,0.104,98
803,@FoxNews,2017-12-11,-0.8316,0.441,0.479,0.08,97
804,@FoxNews,2017-12-11,0.0,0.0,1.0,0.0,96
805,@FoxNews,2017-12-11,-0.2732,0.204,0.659,0.138,95
806,@FoxNews,2017-12-11,-0.6597,0.375,0.625,0.0,94
807,@FoxNews,2017-12-11,-0.3818,0.271,0.729,0.0,93
808,@FoxNews,2017-12-11,0.6794,0.0,0.741,0.259,92
809,@FoxNews,2017-12-11,0.2732,0.0,0.9,0.1,91
810,@FoxNews,2017-12-11,-0.9413,0.497,0.503,0.0,90
811,@FoxNews,2017-12-11,0.7777,0.0,0.606,0.394,89
812,@FoxNews,2017-12-11,0.0,0.139,0.723,0.139,88
813,@FoxNews,2017-12-11,-0.4767,0.147,0.853,0.0,87
814,@FoxNews,2017-12-11,-0.0772,0.133,0.751,0.116,86
815,@FoxNews,2017-12-11,-0.8074,0.399,0.601,0.0,85
816,@FoxNews,2017-12-11,0.0,0.0,1.0,0.0,84
817,@FoxNews,2017-12-11,0.2263,0.0,0.909,0.091,83
818,@FoxNews,2017-12-11,-0.7269,0.478,0.335,0.187,82
819,@FoxNews,2017-12-11,-0.25,0.287,0.549,0.165,81
820,@FoxNews,2017-12-11,0.0,0.0,1.0,0.0,80
821,@FoxNews,2017-12-11,0.0,0.0,1.0,0.0,79
822,@FoxNews,2017-12-11,-0.4767,0.22,0.78,0.0,78
823,@FoxNews,2017-12-11,-0.6808,0.359,0.641,0.0,77
824,@FoxNews,2017-12-11,-0.4767,0.256,0.744,0.0,76
825,@FoxNews,2017-12-11,0.6249,0.0,0.709,0.291,75
826,@FoxNews,2017-12-11,-0.2732,0.16,0.84,0.0,74
827,@FoxNews,2017-12-11,0.5719,0.0,0.812,0.188,73
828,@FoxNews,2017-12-11,0.0,0.0,1.0,0.0,72
829,@FoxNews,2017-12-11,-0.2732,0.245,0.581,0.174,71
830,@FoxNews,2017-12-11,0.2263,0.0,0.863,0.137,70
831,@FoxNews,2017-12-11,-0.296,0.178,0.696,0.126,69
832,@FoxNews,2017-12-11,-0.25,0.287,0.549,0.165,68
833,@FoxNews,2017-12-11,0.0,0.0,1.0,0.0,67
834,@FoxNews,2017-12-11,0.4215,0.0,0.823,0.177,66
835,@FoxNews,2017-12-11,0.0772,0.0,0.86,0.14,65
836,@FoxNews,2017-12-11,0.0,0.0,1.0,0.0,64
837,@FoxNews,2017-12-11,-0.296,0.145,0.855,0.0,63
838,@FoxNews,2017-12-11,0.0,0.0,1.0,0.0,62
839,@FoxNews,2017-12-11,-0.2263,0.176,0.72,0.104,61
840,@FoxNews,2017-12-11,-0.8481,0.406,0.594,0.0,60
841,@FoxNews,2017-12-11,0.0,0.0,1.0,0.0,59
842,@FoxNews,2017-12-11,0.0,0.0,1.0,0.0,58
843,@FoxNews,2017-12-11,-0.296,0.104,0.896,0.0,57
844,@FoxNews,2017-12-11,-0.296,0.099,0.901,0.0,56
845,@FoxNews,2017-12-11,-0.4939,0.132,0.868,0.0,55
846,@FoxNews,2017-12-11,0.0,0.0,1.0,0.0,54
847,@FoxNews,2017-12-11,0.0,0.0,1.0,0.0,53
848,@FoxNews,2017-12-11,0.3612,0.0,0.878,0.122,52
849,@FoxNews,2017-12-11,0.4404,0.0,0.854,0.146,51
850,@FoxNews,2017-12-11,-0.5267,0.175,0.825,0.0,50
851,@FoxNews,2017-12-11,-0.7579,0.302,0.698,0.0,49
852,@FoxNews,2017-12-11,0.0,0.0,1.0,0.0,48
853,@FoxNews,2017-12-11,0.0,0.0,1.0,0.0,47
854,@FoxNews,2017-12-11,-0.4939,0.151,0.849,0.0,46
855,@FoxNews,2017-12-11,-0.4939,0.147,0.798,0.055,45
856,@FoxNews,2017-12-11,-0.5574,0.438,0.446,0.116,44
857,@FoxNews,2017-12-11,-0.3182,0.113,0.887,0.0,43
858,@FoxNews,2017-12-11,0.0772,0.0,0.936,0.064,42
859,@FoxNews,2017-12-11,0.0772,0.0,0.925,0.075,41
860,@FoxNews,2017-12-11,0.0772,0.0,0.944,0.056,40
861,@FoxNews,2017-12-11,0.0772,0.0,0.936,0.064,39
862,@FoxNews,2017-12-11,0.0772,0.0,0.936,0.064,38
863,@FoxNews,2017-12-11,0.0772,0.0,0.915,0.085,37
864,@FoxNews,2017-12-11,0.0772,0.0,0.92,0.08,36
865,@FoxNews,2017-12-11,-0.34,0.245,0.636,0.118,35
866,@FoxNews,2017-12-11,0.0772,0.0,0.92,0.08,34
867,@FoxNews,2017-12-11,0.5859,0.0,0.789,0.211,33
868,@FoxNews,2017-12-11,-0.6124,0.357,0.643,0.0,32
869,@FoxNews,2017-12-11,0.6808,0.0,0.588,0.412,31
870,@FoxNews,2017-12-11,0.34,0.0,0.882,0.118,30
871,@FoxNews,2017-12-11,0.0,0.0,1.0,0.0,29
872,@FoxNews,2017-12-11,0.4767,0.0,0.853,0.147,28
873,@FoxNews,2017-12-11,0.7574,0.0,0.711,0.289,27
874,@FoxNews,2017-12-11,-0.4588,0.25,0.75,0.0,26
875,@FoxNews,2017-12-11,0.4215,0.0,0.763,0.237,25
876,@FoxNews,2017-12-11,-0.3102,0.181,0.694,0.126,24
877,@FoxNews,2017-12-11,-0.2263,0.106,0.894,0.0,23
878,@FoxNews,2017-12-11,0.0,0.0,1.0,0.0,22
879,@FoxNews,2017-12-11,-0.4588,0.158,0.842,0.0,21
880,@FoxNews,2017-12-11,-0.1779,0.185,0.658,0.156,20
881,@FoxNews,2017-12-11,0.3612,0.088,0.766,0.146,19
882,@FoxNews,2017-12-11,0.4019,0.0,0.863,0.137,18
883,@FoxNews,2017-12-11,-0.7841,0.385,0.615,0.0,17
884,@FoxNews,2017-12-11,-0.6249,0.255,0.745,0.0,16
885,@FoxNews,2017-12-11,0.0,0.0,1.0,0.0,15
886,@FoxNews,2017-12-11,-0.296,0.104,0.896,0.0,14
887,@FoxNews,2017-12-11,0.0,0.0,1.0,0.0,13
888,@FoxNews,2017-12-11,0.0,0.0,1.0,0.0,12
889,@FoxNews,2017-12-11,-0.5574,0.365,0.635,0.0,11
890,@FoxNews,2017-12-11,0.5267,0.0,0.848,0.152,10
891,@FoxNews,2017-12-11,-0.4754,0.192,0.735,0.073,9
892,@FoxNews,2017-12-11,-0.8402,0.529,0.471,0.0,8
893,@FoxNews,2017-12-11,0.5267,0.0,0.812,0.188,7
894,@FoxNews,2017-12-11,0.743,0.0,0.73,0.27,6
895,@FoxNews,2017-12-11,0.4767,0.0,0.829,0.171,5
896,@FoxNews,2017-12-11,0.0,0.0,1.0,0.0,4
897,@FoxNews,2017-12-11,0.5267,0.0,0.825,0.175,3
898,@FoxNews,2017-12-11,-0.1027,0.123,0.877,0.0,2
899,@FoxNews,2017-12-11,0.3818,0.0,0.86,0.14,1
900,@nytimes,2017-12-11,-0.296,0.207,0.667,0.127,100
901,@nytimes,2017-12-11,0.8733,0.0,0.573,0.427,99
902,@nytimes,2017-12-11,0.25,0.087,0.787,0.126,98
903,@nytimes,2017-12-11,0.6908,0.0,0.749,0.251,97
904,@nytimes,2017-12-11,0.4215,0.0,0.787,0.213,96
905,@nytimes,2017-12-11,0.0772,0.0,0.843,0.157,95
906,@nytimes,2017-12-11,0.2023,0.168,0.588,0.244,94
907,@nytimes,2017-12-11,-0.7506,0.407,0.484,0.109,93
908,@nytimes,2017-12-11,0.0,0.0,1.0,0.0,92
909,@nytimes,2017-12-11,0.6369,0.0,0.625,0.375,91
910,@nytimes,2017-12-11,0.5267,0.0,0.82,0.18,90
911,@nytimes,2017-12-11,-0.4939,0.176,0.824,0.0,89
912,@nytimes,2017-12-11,-0.34,0.118,0.882,0.0,88
913,@nytimes,2017-12-11,-0.4939,0.127,0.873,0.0,87
914,@nytimes,2017-12-11,-0.296,0.121,0.879,0.0,86
915,@nytimes,2017-12-11,0.0,0.0,1.0,0.0,85
916,@nytimes,2017-12-11,0.0,0.0,1.0,0.0,84
917,@nytimes,2017-12-11,0.4767,0.0,0.853,0.147,83
918,@nytimes,2017-12-11,0.0,0.0,1.0,0.0,82
919,@nytimes,2017-12-11,-0.5106,0.216,0.784,0.0,81
920,@nytimes,2017-12-11,0.0,0.0,1.0,0.0,80
921,@nytimes,2017-12-11,-0.6597,0.241,0.759,0.0,79
922,@nytimes,2017-12-11,-0.1531,0.068,0.932,0.0,78
923,@nytimes,2017-12-11,-0.296,0.099,0.901,0.0,77
924,@nytimes,2017-12-11,0.0,0.0,1.0,0.0,76
925,@nytimes,2017-12-11,-0.8126,0.399,0.435,0.167,75
926,@nytimes,2017-12-11,-0.296,0.207,0.667,0.127,74
927,@nytimes,2017-12-11,-0.8316,0.358,0.642,0.0,73
928,@nytimes,2017-12-11,0.0,0.0,1.0,0.0,72
929,@nytimes,2017-12-11,0.0772,0.0,0.843,0.157,71
930,@nytimes,2017-12-11,-0.7003,0.392,0.608,0.0,70
931,@nytimes,2017-12-11,0.0,0.0,1.0,0.0,69
932,@nytimes,2017-12-11,0.3182,0.0,0.796,0.204,68
933,@nytimes,2017-12-11,0.0772,0.0,0.936,0.064,67
934,@nytimes,2017-12-11,0.0,0.0,1.0,0.0,66
935,@nytimes,2017-12-11,0.0,0.0,1.0,0.0,65
936,@nytimes,2017-12-11,0.0,0.0,1.0,0.0,64
937,@nytimes,2017-12-11,0.0,0.0,1.0,0.0,63
938,@nytimes,2017-12-11,0.0,0.0,1.0,0.0,62
939,@nytimes,2017-12-11,0.4404,0.11,0.686,0.203,61
940,@nytimes,2017-12-11,-0.875,0.37,0.63,0.0,60
941,@nytimes,2017-12-11,0.0,0.0,1.0,0.0,59
942,@nytimes,2017-12-11,0.5423,0.143,0.571,0.286,58
943,@nytimes,2017-12-11,0.0,0.0,1.0,0.0,57
944,@nytimes,2017-12-11,0.0,0.0,1.0,0.0,56
945,@nytimes,2017-12-11,-0.296,0.099,0.901,0.0,55
946,@nytimes,2017-12-11,0.3818,0.124,0.641,0.235,54
947,@nytimes,2017-12-11,-0.3818,0.12,0.88,0.0,53
948,@nytimes,2017-12-11,-0.6369,0.215,0.785,0.0,52
949,@nytimes,2017-12-11,-0.3182,0.126,0.874,0.0,51
950,@nytimes,2017-12-11,0.0,0.0,1.0,0.0,50
951,@nytimes,2017-12-11,0.0,0.0,1.0,0.0,49
952,@nytimes,2017-12-11,0.0,0.0,1.0,0.0,48
953,@nytimes,2017-12-11,0.0,0.0,1.0,0.0,47
954,@nytimes,2017-12-11,-0.6204,0.264,0.665,0.071,46
955,@nytimes,2017-12-11,0.0,0.0,1.0,0.0,45
956,@nytimes,2017-12-11,0.0,0.0,1.0,0.0,44
957,@nytimes,2017-12-11,0.9169,0.0,0.52,0.48,43
958,@nytimes,2017-12-11,0.0,0.0,1.0,0.0,42
959,@nytimes,2017-12-11,0.0,0.0,1.0,0.0,41
960,@nytimes,2017-12-11,0.0,0.0,1.0,0.0,40
961,@nytimes,2017-12-11,0.5859,0.0,0.648,0.352,39
962,@nytimes,2017-12-11,0.4404,0.0,0.868,0.132,38
963,@nytimes,2017-12-11,0.1027,0.105,0.773,0.123,37
964,@nytimes,2017-12-11,-0.6249,0.321,0.584,0.095,36
965,@nytimes,2017-12-11,0.0258,0.053,0.889,0.058,35
966,@nytimes,2017-12-11,-0.3818,0.106,0.894,0.0,34
967,@nytimes,2017-12-11,0.0,0.0,1.0,0.0,33
968,@nytimes,2017-12-11,0.0,0.0,1.0,0.0,32
969,@nytimes,2017-12-11,0.0772,0.0,0.939,0.061,31
970,@nytimes,2017-12-11,0.25,0.14,0.676,0.185,30
971,@nytimes,2017-12-11,0.3612,0.05,0.837,0.113,29
972,@nytimes,2017-12-11,0.4588,0.0,0.833,0.167,28
973,@nytimes,2017-12-11,0.6597,0.0,0.526,0.474,27
974,@nytimes,2017-12-11,-0.7184,0.316,0.684,0.0,26
975,@nytimes,2017-12-11,-0.7906,0.241,0.759,0.0,25
976,@nytimes,2017-12-11,-0.5267,0.386,0.614,0.0,24
977,@nytimes,2017-12-11,0.0,0.0,1.0,0.0,23
978,@nytimes,2017-12-11,0.0,0.0,1.0,0.0,22
979,@nytimes,2017-12-11,0.4215,0.0,0.851,0.149,21
980,@nytimes,2017-12-11,0.7184,0.0,0.75,0.25,20
981,@nytimes,2017-12-11,-0.6705,0.2,0.8,0.0,19
982,@nytimes,2017-12-11,-0.5267,0.274,0.726,0.0,18
983,@nytimes,2017-12-11,0.1779,0.0,0.922,0.078,17
984,@nytimes,2017-12-11,-0.4019,0.137,0.863,0.0,16
985,@nytimes,2017-12-11,-0.6195,0.18,0.82,0.0,15
986,@nytimes,2017-12-11,-0.1531,0.156,0.745,0.099,14
987,@nytimes,2017-12-11,0.6369,0.0,0.543,0.457,13
988,@nytimes,2017-12-11,0.1779,0.0,0.925,0.075,12
989,@nytimes,2017-12-11,0.0,0.0,1.0,0.0,11
990,@nytimes,2017-12-11,0.0,0.0,1.0,0.0,10
991,@nytimes,2017-12-11,0.1027,0.105,0.773,0.123,9
992,@nytimes,2017-12-11,0.0,0.0,1.0,0.0,8
993,@nytimes,2017-12-11,-0.2263,0.128,0.872,0.0,7
994,@nytimes,2017-12-11,0.128,0.143,0.695,0.162,6
995,@nytimes,2017-12-11,0.0,0.0,1.0,0.0,5
996,@nytimes,2017-12-11,0.6467,0.0,0.816,0.184,4
997,@nytimes,2017-12-11,0.4404,0.0,0.674,0.326,3
998,@nytimes,2017-12-11,-0.8316,0.358,0.642,0.0,2
999,@nytimes,2017-12-11,0.0,0.0,1.0,0.0,1
1000,@BBC,2017-12-11,-0.4019,0.231,0.769,0.0,100
1001,@BBC,2017-12-11,0.0,0.0,1.0,0.0,99
1002,@BBC,2017-12-11,0.4939,0.0,0.849,0.151,98
1003,@BBC,2017-12-11,-0.5574,0.135,0.865,0.0,97
1004,@BBC,2017-12-11,0.0,0.0,1.0,0.0,96
1005,@BBC,2017-12-11,0.34,0.0,0.888,0.112,95
1006,@BBC,2017-12-11,0.4939,0.0,0.814,0.186,94
1007,@BBC,2017-12-11,0.128,0.0,0.933,0.067,93
1008,@BBC,2017-12-11,-0.5574,0.146,0.854,0.0,92
1009,@BBC,2017-12-11,0.0,0.0,1.0,0.0,91
1010,@BBC,2017-12-11,0.0,0.0,1.0,0.0,90
1011,@BBC,2017-12-11,0.0,0.0,1.0,0.0,89
1012,@BBC,2017-12-11,0.4199,0.0,0.872,0.128,88
1013,@BBC,2017-12-11,0.4588,0.0,0.85,0.15,87
1014,@BBC,2017-12-11,0.0,0.0,1.0,0.0,86
1015,@BBC,2017-12-11,0.7177,0.0,0.667,0.333,85
1016,@BBC,2017-12-11,0.0,0.0,1.0,0.0,84
1017,@BBC,2017-12-11,-0.296,0.104,0.896,0.0,83
1018,@BBC,2017-12-11,0.2023,0.0,0.887,0.113,82
1019,@BBC,2017-12-11,0.0,0.0,1.0,0.0,81
1020,@BBC,2017-12-11,-0.743,0.296,0.704,0.0,80
1021,@BBC,2017-12-11,0.0,0.0,1.0,0.0,79
1022,@BBC,2017-12-11,-0.4215,0.128,0.872,0.0,78
1023,@BBC,2017-12-11,0.0,0.0,1.0,0.0,77
1024,@BBC,2017-12-11,0.6124,0.064,0.738,0.198,76
1025,@BBC,2017-12-11,0.0,0.0,1.0,0.0,75
1026,@BBC,2017-12-11,0.0258,0.132,0.696,0.172,74
1027,@BBC,2017-12-11,-0.34,0.124,0.876,0.0,73
1028,@BBC,2017-12-11,0.5574,0.0,0.805,0.195,72
1029,@BBC,2017-12-11,0.0,0.0,1.0,0.0,71
1030,@BBC,2017-12-11,0.5859,0.0,0.821,0.179,70
1031,@BBC,2017-12-11,0.0,0.0,1.0,0.0,69
1032,@BBC,2017-12-11,0.7783,0.0,0.702,0.298,68
1033,@BBC,2017-12-11,0.3182,0.0,0.897,0.103,67
1034,@BBC,2017-12-11,-0.2869,0.119,0.803,0.078,66
1035,@BBC,2017-12-11,0.0,0.0,1.0,0.0,65
1036,@BBC,2017-12-11,0.4926,0.0,0.873,0.127,64
1037,@BBC,2017-12-11,-0.4215,0.243,0.543,0.214,63
1038,@BBC,2017-12-11,0.0,0.0,1.0,0.0,62
1039,@BBC,2017-12-11,0.0,0.0,1.0,0.0,61
1040,@BBC,2017-12-11,0.636,0.0,0.756,0.244,60
1041,@BBC,2017-12-11,0.2732,0.0,0.9,0.1,59
1042,@BBC,2017-12-10,0.6915,0.0,0.56,0.44,58
1043,@BBC,2017-12-10,0.0,0.0,1.0,0.0,57
1044,@BBC,2017-12-10,0.4391,0.0,0.855,0.145,56
1045,@BBC,2017-12-10,-0.3818,0.126,0.874,0.0,55
1046,@BBC,2017-12-10,0.0,0.0,1.0,0.0,54
1047,@BBC,2017-12-10,0.0,0.0,1.0,0.0,53
1048,@BBC,2017-12-10,0.0,0.0,1.0,0.0,52
1049,@BBC,2017-12-10,-0.5574,0.231,0.769,0.0,51
1050,@BBC,2017-12-10,-0.836,0.283,0.717,0.0,50
1051,@BBC,2017-12-10,0.0,0.0,1.0,0.0,49
1052,@BBC,2017-12-10,0.4019,0.0,0.87,0.13,48
1053,@BBC,2017-12-10,0.9169,0.0,0.482,0.518,47
1054,@BBC,2017-12-10,0.0,0.0,1.0,0.0,46
1055,@BBC,2017-12-10,-0.5267,0.152,0.848,0.0,45
1056,@BBC,2017-12-10,0.0,0.0,1.0,0.0,44
1057,@BBC,2017-12-10,0.5106,0.0,0.837,0.163,43
1058,@BBC,2017-12-10,0.7096,0.0,0.604,0.396,42
1059,@BBC,2017-12-10,-0.1803,0.213,0.602,0.185,41
1060,@BBC,2017-12-10,0.6249,0.0,0.797,0.203,40
1061,@BBC,2017-12-10,0.5574,0.0,0.816,0.184,39
1062,@BBC,2017-12-10,0.5719,0.0,0.73,0.27,38
1063,@BBC,2017-12-10,-0.2263,0.137,0.863,0.0,37
1064,@BBC,2017-12-10,0.8765,0.116,0.555,0.329,36
1065,@BBC,2017-12-10,0.0,0.0,1.0,0.0,35
1066,@BBC,2017-12-10,0.25,0.0,0.9,0.1,34
1067,@BBC,2017-12-10,0.5279,0.0,0.86,0.14,33
1068,@BBC,2017-12-10,0.4588,0.0,0.864,0.136,32
1069,@BBC,2017-12-10,0.0,0.0,1.0,0.0,31
1070,@BBC,2017-12-10,0.3595,0.0,0.878,0.122,30
1071,@BBC,2017-12-10,0.0,0.0,1.0,0.0,29
1072,@BBC,2017-12-10,0.4767,0.083,0.725,0.192,28
1073,@BBC,2017-12-10,0.0,0.0,1.0,0.0,27
1074,@BBC,2017-12-10,0.5574,0.0,0.813,0.187,26
1075,@BBC,2017-12-10,0.0,0.0,1.0,0.0,25
1076,@BBC,2017-12-10,-0.4063,0.189,0.811,0.0,24
1077,@BBC,2017-12-10,0.0,0.0,1.0,0.0,23
1078,@BBC,2017-12-10,0.6369,0.0,0.769,0.231,22
1079,@BBC,2017-12-10,0.0,0.0,1.0,0.0,21
1080,@BBC,2017-12-10,0.0,0.0,1.0,0.0,20
1081,@BBC,2017-12-10,0.4939,0.0,0.868,0.132,19
1082,@BBC,2017-12-10,0.0,0.0,1.0,0.0,18
1083,@BBC,2017-12-10,-0.8271,0.312,0.688,0.0,17
1084,@BBC,2017-12-10,0.6588,0.0,0.747,0.253,16
1085,@BBC,2017-12-10,0.7597,0.0,0.763,0.237,15
1086,@BBC,2017-12-10,-0.4215,0.163,0.773,0.064,14
1087,@BBC,2017-12-10,0.7579,0.0,0.735,0.265,13
1088,@BBC,2017-12-10,0.0,0.0,1.0,0.0,12
1089,@BBC,2017-12-10,0.4588,0.0,0.857,0.143,11
1090,@BBC,2017-12-10,-0.3612,0.102,0.898,0.0,10
1091,@BBC,2017-12-09,0.5743,0.0,0.821,0.179,9
1092,@BBC,2017-12-09,-0.3595,0.135,0.865,0.0,8
1093,@BBC,2017-12-09,0.7783,0.0,0.756,0.244,7
1094,@BBC,2017-12-09,0.0,0.0,1.0,0.0,6
1095,@BBC,2017-12-09,0.8911,0.096,0.468,0.436,5
1096,@BBC,2017-12-09,0.0,0.0,1.0,0.0,4
1097,@BBC,2017-12-09,0.3182,0.092,0.763,0.145,3
1098,@BBC,2017-12-09,0.4939,0.0,0.856,0.144,2
1099,@BBC,2017-12-09,0.8655,0.0,0.64,0.36,1
1100,@CBS,2017-12-11,0.8832,0.0,0.636,0.364,100
1101,@CBS,2017-12-11,0.4939,0.086,0.703,0.211,99
1102,@CBS,2017-12-11,-0.2263,0.083,0.917,0.0,98
1103,@CBS,2017-12-11,-0.2263,0.087,0.913,0.0,97
1104,@CBS,2017-12-10,0.0772,0.0,0.936,0.064,96
1105,@CBS,2017-12-10,0.0,0.0,1.0,0.0,95
1106,@CBS,2017-12-09,0.5754,0.07,0.742,0.189,94
1107,@CBS,2017-12-09,0.6476,0.0,0.791,0.209,93
1108,@CBS,2017-12-08,0.8126,0.0,0.697,0.303,92
1109,@CBS,2017-12-07,0.7777,0.0,0.746,0.254,91
1110,@CBS,2017-12-07,0.5423,0.0,0.863,0.137,90
1111,@CBS,2017-12-06,0.3182,0.0,0.874,0.126,89
1112,@CBS,2017-12-05,0.1511,0.0,0.91,0.09,88
1113,@CBS,2017-12-05,0.4199,0.0,0.883,0.117,87
1114,@CBS,2017-12-05,0.5106,0.0,0.837,0.163,86
1115,@CBS,2017-12-05,0.0,0.0,1.0,0.0,85
1116,@CBS,2017-12-04,0.3612,0.0,0.894,0.106,84
1117,@CBS,2017-12-04,0.9217,0.0,0.496,0.504,83
1118,@CBS,2017-12-04,0.5213,0.0,0.813,0.187,82
1119,@CBS,2017-12-04,-0.5655,0.177,0.823,0.0,81
1120,@CBS,2017-12-04,0.9466,0.0,0.328,0.672,80
1121,@CBS,2017-12-04,0.5994,0.0,0.719,0.281,79
1122,@CBS,2017-12-04,0.7906,0.0,0.731,0.269,78
1123,@CBS,2017-12-04,0.8689,0.0,0.671,0.329,77
1124,@CBS,2017-12-04,0.8016,0.0,0.736,0.264,76
1125,@CBS,2017-12-04,0.5719,0.0,0.844,0.156,75
1126,@CBS,2017-12-04,0.0,0.0,1.0,0.0,74
1127,@CBS,2017-12-04,0.25,0.0,0.867,0.133,73
1128,@CBS,2017-12-04,0.0,0.0,1.0,0.0,72
1129,@CBS,2017-12-04,0.0,0.0,1.0,0.0,71
1130,@CBS,2017-12-04,0.8591,0.0,0.513,0.487,70
1131,@CBS,2017-12-04,-0.2263,0.076,0.924,0.0,69
1132,@CBS,2017-12-04,0.5574,0.0,0.806,0.194,68
1133,@CBS,2017-12-04,0.3612,0.0,0.762,0.238,67
1134,@CBS,2017-12-04,0.4588,0.0,0.864,0.136,66
1135,@CBS,2017-12-04,0.807,0.0,0.644,0.356,65
1136,@CBS,2017-12-04,0.4574,0.0,0.87,0.13,64
1137,@CBS,2017-12-04,-0.2263,0.095,0.905,0.0,63
1138,@CBS,2017-12-03,0.8271,0.0,0.648,0.352,62
1139,@CBS,2017-12-03,0.7783,0.0,0.714,0.286,61
1140,@CBS,2017-12-03,0.8658,0.0,0.614,0.386,60
1141,@CBS,2017-12-03,0.8516,0.0,0.647,0.353,59
1142,@CBS,2017-12-03,0.7897,0.0,0.72,0.28,58
1143,@CBS,2017-12-02,0.6166,0.0,0.825,0.175,57
1144,@CBS,2017-12-02,0.1867,0.0,0.902,0.098,56
1145,@CBS,2017-12-02,0.6996,0.0,0.821,0.179,55
1146,@CBS,2017-12-02,-0.3595,0.128,0.872,0.0,54
1147,@CBS,2017-12-01,0.3612,0.0,0.884,0.116,53
1148,@CBS,2017-12-01,0.4199,0.0,0.866,0.134,52
1149,@CBS,2017-12-01,0.7707,0.0,0.718,0.282,51
1150,@CBS,2017-12-01,0.0,0.0,1.0,0.0,50
1151,@CBS,2017-12-01,0.8221,0.0,0.691,0.309,49
1152,@CBS,2017-12-01,0.0,0.0,1.0,0.0,48
1153,@CBS,2017-12-01,0.0,0.0,1.0,0.0,47
1154,@CBS,2017-12-01,0.0,0.0,1.0,0.0,46
1155,@CBS,2017-12-01,0.6893,0.0,0.749,0.251,45
1156,@CBS,2017-12-01,0.1901,0.0,0.907,0.093,44
1157,@CBS,2017-12-01,0.296,0.0,0.872,0.128,43
1158,@CBS,2017-11-30,0.0,0.0,1.0,0.0,42
1159,@CBS,2017-11-30,0.6115,0.0,0.773,0.227,41
1160,@CBS,2017-11-30,0.0,0.0,1.0,0.0,40
1161,@CBS,2017-11-30,0.6808,0.0,0.752,0.248,39
1162,@CBS,2017-11-30,0.3612,0.0,0.865,0.135,38
1163,@CBS,2017-11-30,0.0,0.0,1.0,0.0,37
1164,@CBS,2017-11-30,-0.3595,0.128,0.872,0.0,36
1165,@CBS,2017-11-30,0.6239,0.0,0.55,0.45,35
1166,@CBS,2017-11-30,0.0,0.0,1.0,0.0,34
1167,@CBS,2017-11-30,0.5542,0.0,0.796,0.204,33
1168,@CBS,2017-11-30,0.0,0.0,1.0,0.0,32
1169,@CBS,2017-11-30,0.0,0.0,1.0,0.0,31
1170,@CBS,2017-11-30,0.0,0.0,1.0,0.0,30
1171,@CBS,2017-11-30,0.7482,0.0,0.566,0.434,29
1172,@CBS,2017-11-30,0.8513,0.0,0.458,0.542,28
1173,@CBS,2017-11-30,0.7232,0.0,0.698,0.302,27
1174,@CBS,2017-11-30,0.0,0.0,1.0,0.0,26
1175,@CBS,2017-11-30,0.8979,0.049,0.557,0.394,25
1176,@CBS,2017-11-30,0.0,0.0,1.0,0.0,24
1177,@CBS,2017-11-30,0.6988,0.0,0.548,0.452,23
1178,@CBS,2017-11-30,0.0,0.0,1.0,0.0,22
1179,@CBS,2017-11-30,0.7067,0.0,0.754,0.246,21
1180,@CBS,2017-11-30,0.0,0.0,1.0,0.0,20
1181,@CBS,2017-11-30,0.0,0.0,1.0,0.0,19
1182,@CBS,2017-11-30,0.6514,0.0,0.842,0.158,18
1183,@CBS,2017-11-30,0.1139,0.0,0.936,0.064,17
1184,@CBS,2017-11-29,0.6825,0.0,0.772,0.228,16
1185,@CBS,2017-11-29,0.5826,0.0,0.848,0.152,15
1186,@CBS,2017-11-29,0.0,0.0,1.0,0.0,14
1187,@CBS,2017-11-29,0.0,0.0,1.0,0.0,13
1188,@CBS,2017-11-29,0.0,0.0,1.0,0.0,12
1189,@CBS,2017-11-29,0.0,0.0,1.0,0.0,11
1190,@CBS,2017-11-29,0.4559,0.0,0.858,0.142,10
1191,@CBS,2017-11-29,0.0,0.0,1.0,0.0,9
1192,@CBS,2017-11-29,0.6124,0.0,0.8,0.2,8
1193,@CBS,2017-11-29,0.4926,0.0,0.842,0.158,7
1194,@CBS,2017-11-29,0.6696,0.0,0.809,0.191,6
1195,@CBS,2017-11-29,0.6696,0.0,0.817,0.183,5
1196,@CBS,2017-11-29,0.4201,0.087,0.754,0.158,4
1197,@CBS,2017-11-29,0.5826,0.0,0.848,0.152,3
1198,@CBS,2017-11-29,0.5106,0.0,0.751,0.249,2
1199,@CBS,2017-11-29,0.9476,0.0,0.551,0.449,1
1200,@CNN,2017-12-11,0.4019,0.0,0.863,0.137,100
1201,@CNN,2017-12-11,0.0,0.0,1.0,0.0,99
1202,@CNN,2017-12-11,0.0,0.0,1.0,0.0,98
1203,@CNN,2017-12-11,0.0772,0.0,0.939,0.061,97
1204,@CNN,2017-12-11,0.0,0.0,1.0,0.0,96
1205,@CNN,2017-12-11,0.0,0.0,1.0,0.0,95
1206,@CNN,2017-12-11,0.3612,0.0,0.894,0.106,94
1207,@CNN,2017-12-11,0.0,0.0,1.0,0.0,93
1208,@CNN,2017-12-11,-0.296,0.115,0.885,0.0,92
1209,@CNN,2017-12-11,-0.2732,0.108,0.837,0.054,91
1210,@CNN,2017-12-11,0.0,0.0,1.0,0.0,90
1211,@CNN,2017-12-11,-0.5719,0.207,0.793,0.0,89
1212,@CNN,2017-12-11,0.5574,0.0,0.796,0.204,88
1213,@CNN,2017-12-11,-0.1027,0.069,0.931,0.0,87
1214,@CNN,2017-12-11,0.0,0.0,1.0,0.0,86
1215,@CNN,2017-12-11,0.0,0.0,1.0,0.0,85
1216,@CNN,2017-12-11,-0.296,0.099,0.901,0.0,84
1217,@CNN,2017-12-11,-0.34,0.13,0.87,0.0,83
1218,@CNN,2017-12-11,-0.6486,0.249,0.751,0.0,82
1219,@CNN,2017-12-11,0.0,0.0,1.0,0.0,81
1220,@CNN,2017-12-11,0.0,0.0,1.0,0.0,80
1221,@CNN,2017-12-11,0.0,0.0,1.0,0.0,79
1222,@CNN,2017-12-11,0.3818,0.0,0.865,0.135,78
1223,@CNN,2017-12-11,0.0,0.0,1.0,0.0,77
1224,@CNN,2017-12-11,0.5983,0.0,0.844,0.156,76
1225,@CNN,2017-12-11,0.5106,0.0,0.858,0.142,75
1226,@CNN,2017-12-11,0.0,0.0,1.0,0.0,74
1227,@CNN,2017-12-11,-0.2263,0.161,0.738,0.101,73
1228,@CNN,2017-12-11,-0.1779,0.124,0.777,0.099,72
1229,@CNN,2017-12-11,-0.6369,0.245,0.755,0.0,71
1230,@CNN,2017-12-11,0.0,0.0,1.0,0.0,70
1231,@CNN,2017-12-11,-0.8074,0.343,0.657,0.0,69
1232,@CNN,2017-12-11,0.0,0.0,1.0,0.0,68
1233,@CNN,2017-12-11,-0.296,0.128,0.872,0.0,67
1234,@CNN,2017-12-11,-0.7096,0.258,0.742,0.0,66
1235,@CNN,2017-12-11,0.0,0.0,1.0,0.0,65
1236,@CNN,2017-12-11,0.0,0.0,1.0,0.0,64
1237,@CNN,2017-12-11,0.0,0.0,1.0,0.0,63
1238,@CNN,2017-12-11,0.5267,0.0,0.672,0.328,62
1239,@CNN,2017-12-11,-0.296,0.104,0.896,0.0,61
1240,@CNN,2017-12-11,-0.1027,0.065,0.935,0.0,60
1241,@CNN,2017-12-11,0.0,0.0,1.0,0.0,59
1242,@CNN,2017-12-11,0.0,0.0,1.0,0.0,58
1243,@CNN,2017-12-11,0.2146,0.108,0.74,0.153,57
1244,@CNN,2017-12-11,0.0,0.0,1.0,0.0,56
1245,@CNN,2017-12-11,0.0,0.0,1.0,0.0,55
1246,@CNN,2017-12-11,0.5574,0.0,0.82,0.18,54
1247,@CNN,2017-12-11,0.5574,0.0,0.816,0.184,53
1248,@CNN,2017-12-11,0.0,0.0,1.0,0.0,52
1249,@CNN,2017-12-11,-0.296,0.104,0.896,0.0,51
1250,@CNN,2017-12-11,0.0,0.0,1.0,0.0,50
1251,@CNN,2017-12-11,0.0,0.0,1.0,0.0,49
1252,@CNN,2017-12-11,-0.7096,0.258,0.742,0.0,48
1253,@CNN,2017-12-11,-0.4019,0.124,0.876,0.0,47
1254,@CNN,2017-12-11,0.0,0.0,1.0,0.0,46
1255,@CNN,2017-12-11,0.0,0.0,1.0,0.0,45
1256,@CNN,2017-12-11,-0.8591,0.388,0.612,0.0,44
1257,@CNN,2017-12-11,0.5423,0.0,0.83,0.17,43
1258,@CNN,2017-12-11,-0.4588,0.176,0.824,0.0,42
1259,@CNN,2017-12-11,0.0,0.0,1.0,0.0,41
1260,@CNN,2017-12-11,0.0,0.0,1.0,0.0,40
1261,@CNN,2017-12-11,-0.3612,0.132,0.868,0.0,39
1262,@CNN,2017-12-11,-0.296,0.109,0.891,0.0,38
1263,@CNN,2017-12-11,-0.6908,0.251,0.749,0.0,37
1264,@CNN,2017-12-11,0.25,0.094,0.726,0.179,36
1265,@CNN,2017-12-11,0.0,0.0,1.0,0.0,35
1266,@CNN,2017-12-11,-0.296,0.104,0.896,0.0,34
1267,@CNN,2017-12-11,0.0258,0.0,0.939,0.061,33
1268,@CNN,2017-12-11,0.0,0.0,1.0,0.0,32
1269,@CNN,2017-12-11,0.6124,0.074,0.698,0.229,31
1270,@CNN,2017-12-11,0.3612,0.0,0.857,0.143,30
1271,@CNN,2017-12-11,0.0,0.0,1.0,0.0,29
1272,@CNN,2017-12-11,0.0,0.0,1.0,0.0,28
1273,@CNN,2017-12-11,-0.4939,0.127,0.873,0.0,27
1274,@CNN,2017-12-11,0.0,0.0,1.0,0.0,26
1275,@CNN,2017-12-11,0.0772,0.0,0.909,0.091,25
1276,@CNN,2017-12-11,0.0,0.0,1.0,0.0,24
1277,@CNN,2017-12-11,-0.0772,0.085,0.915,0.0,23
1278,@CNN,2017-12-11,0.7845,0.0,0.635,0.365,22
1279,@CNN,2017-12-11,-0.0772,0.174,0.671,0.154,21
1280,@CNN,2017-12-11,-0.4019,0.124,0.876,0.0,20
1281,@CNN,2017-12-11,0.5574,0.0,0.765,0.235,19
1282,@CNN,2017-12-11,0.7783,0.0,0.673,0.327,18
1283,@CNN,2017-12-11,0.0,0.0,1.0,0.0,17
1284,@CNN,2017-12-11,0.5983,0.0,0.822,0.178,16
1285,@CNN,2017-12-11,0.0,0.0,1.0,0.0,15
1286,@CNN,2017-12-11,0.25,0.0,0.9,0.1,14
1287,@CNN,2017-12-11,0.0,0.0,1.0,0.0,13
1288,@CNN,2017-12-11,0.5574,0.0,0.69,0.31,12
1289,@CNN,2017-12-11,0.0,0.0,1.0,0.0,11
1290,@CNN,2017-12-11,0.4466,0.0,0.816,0.184,10
1291,@CNN,2017-12-11,0.0,0.0,1.0,0.0,9
1292,@CNN,2017-12-11,0.8074,0.0,0.644,0.356,8
1293,@CNN,2017-12-11,0.0,0.0,1.0,0.0,7
1294,@CNN,2017-12-11,-0.6705,0.191,0.809,0.0,6
1295,@CNN,2017-12-11,0.0,0.0,1.0,0.0,5
1296,@CNN,2017-12-11,-0.802,0.31,0.69,0.0,4
1297,@CNN,2017-12-11,-0.7096,0.258,0.742,0.0,3
1298,@CNN,2017-12-11,-0.5719,0.198,0.802,0.0,2
1299,@CNN,2017-12-11,0.0772,0.0,0.936,0.064,1
1300,@FoxNews,2017-12-11,0.0516,0.138,0.714,0.148,100
1301,@FoxNews,2017-12-11,0.6249,0.0,0.709,0.291,99
1302,@FoxNews,2017-12-11,-0.2263,0.176,0.72,0.104,98
1303,@FoxNews,2017-12-11,-0.8316,0.441,0.479,0.08,97
1304,@FoxNews,2017-12-11,0.0,0.0,1.0,0.0,96
1305,@FoxNews,2017-12-11,-0.2732,0.204,0.659,0.138,95
1306,@FoxNews,2017-12-11,-0.6597,0.375,0.625,0.0,94
1307,@FoxNews,2017-12-11,-0.3818,0.271,0.729,0.0,93
1308,@FoxNews,2017-12-11,0.6794,0.0,0.741,0.259,92
1309,@FoxNews,2017-12-11,0.2732,0.0,0.9,0.1,91
1310,@FoxNews,2017-12-11,-0.9413,0.497,0.503,0.0,90
1311,@FoxNews,2017-12-11,0.7777,0.0,0.606,0.394,89
1312,@FoxNews,2017-12-11,0.0,0.139,0.723,0.139,88
1313,@FoxNews,2017-12-11,-0.4767,0.147,0.853,0.0,87
1314,@FoxNews,2017-12-11,-0.0772,0.133,0.751,0.116,86
1315,@FoxNews,2017-12-11,-0.8074,0.399,0.601,0.0,85
1316,@FoxNews,2017-12-11,0.0,0.0,1.0,0.0,84
1317,@FoxNews,2017-12-11,0.2263,0.0,0.909,0.091,83
1318,@FoxNews,2017-12-11,-0.7269,0.478,0.335,0.187,82
1319,@FoxNews,2017-12-11,-0.25,0.287,0.549,0.165,81
1320,@FoxNews,2017-12-11,0.0,0.0,1.0,0.0,80
1321,@FoxNews,2017-12-11,0.0,0.0,1.0,0.0,79
1322,@FoxNews,2017-12-11,-0.4767,0.22,0.78,0.0,78
1323,@FoxNews,2017-12-11,-0.6808,0.359,0.641,0.0,77
1324,@FoxNews,2017-12-11,-0.4767,0.256,0.744,0.0,76
1325,@FoxNews,2017-12-11,0.6249,0.0,0.709,0.291,75
1326,@FoxNews,2017-12-11,-0.2732,0.16,0.84,0.0,74
1327,@FoxNews,2017-12-11,0.5719,0.0,0.812,0.188,73
1328,@FoxNews,2017-12-11,0.0,0.0,1.0,0.0,72
1329,@FoxNews,2017-12-11,-0.2732,0.245,0.581,0.174,71
1330,@FoxNews,2017-12-11,0.2263,0.0,0.863,0.137,70
1331,@FoxNews,2017-12-11,-0.296,0.178,0.696,0.126,69
1332,@FoxNews,2017-12-11,-0.25,0.287,0.549,0.165,68
1333,@FoxNews,2017-12-11,0.0,0.0,1.0,0.0,67
1334,@FoxNews,2017-12-11,0.4215,0.0,0.823,0.177,66
1335,@FoxNews,2017-12-11,0.0772,0.0,0.86,0.14,65
1336,@FoxNews,2017-12-11,0.0,0.0,1.0,0.0,64
1337,@FoxNews,2017-12-11,-0.296,0.145,0.855,0.0,63
1338,@FoxNews,2017-12-11,0.0,0.0,1.0,0.0,62
1339,@FoxNews,2017-12-11,-0.2263,0.176,0.72,0.104,61
1340,@FoxNews,2017-12-11,-0.8481,0.406,0.594,0.0,60
1341,@FoxNews,2017-12-11,0.0,0.0,1.0,0.0,59
1342,@FoxNews,2017-12-11,0.0,0.0,1.0,0.0,58
1343,@FoxNews,2017-12-11,-0.296,0.104,0.896,0.0,57
1344,@FoxNews,2017-12-11,-0.296,0.099,0.901,0.0,56
1345,@FoxNews,2017-12-11,-0.4939,0.132,0.868,0.0,55
1346,@FoxNews,2017-12-11,0.0,0.0,1.0,0.0,54
1347,@FoxNews,2017-12-11,0.0,0.0,1.0,0.0,53
1348,@FoxNews,2017-12-11,0.3612,0.0,0.878,0.122,52
1349,@FoxNews,2017-12-11,0.4404,0.0,0.854,0.146,51
1350,@FoxNews,2017-12-11,-0.5267,0.175,0.825,0.0,50
1351,@FoxNews,2017-12-11,-0.7579,0.302,0.698,0.0,49
1352,@FoxNews,2017-12-11,0.0,0.0,1.0,0.0,48
1353,@FoxNews,2017-12-11,0.0,0.0,1.0,0.0,47
1354,@FoxNews,2017-12-11,-0.4939,0.151,0.849,0.0,46
1355,@FoxNews,2017-12-11,-0.4939,0.147,0.798,0.055,45
1356,@FoxNews,2017-12-11,-0.5574,0.438,0.446,0.116,44
1357,@FoxNews,2017-12-11,-0.3182,0.113,0.887,0.0,43
1358,@FoxNews,2017-12-11,0.0772,0.0,0.936,0.064,42
1359,@FoxNews,2017-12-11,0.0772,0.0,0.925,0.075,41
1360,@FoxNews,2017-12-11,0.0772,0.0,0.944,0.056,40
1361,@FoxNews,2017-12-11,0.0772,0.0,0.936,0.064,39
1362,@FoxNews,2017-12-11,0.0772,0.0,0.936,0.064,38
1363,@FoxNews,2017-12-11,0.0772,0.0,0.915,0.085,37
1364,@FoxNews,2017-12-11,0.0772,0.0,0.92,0.08,36
1365,@FoxNews,2017-12-11,-0.34,0.245,0.636,0.118,35
1366,@FoxNews,2017-12-11,0.0772,0.0,0.92,0.08,34
1367,@FoxNews,2017-12-11,0.5859,0.0,0.789,0.211,33
1368,@FoxNews,2017-12-11,-0.6124,0.357,0.643,0.0,32
1369,@FoxNews,2017-12-11,0.6808,0.0,0.588,0.412,31
1370,@FoxNews,2017-12-11,0.34,0.0,0.882,0.118,30
1371,@FoxNews,2017-12-11,0.0,0.0,1.0,0.0,29
1372,@FoxNews,2017-12-11,0.4767,0.0,0.853,0.147,28
1373,@FoxNews,2017-12-11,0.7574,0.0,0.711,0.289,27
1374,@FoxNews,2017-12-11,-0.4588,0.25,0.75,0.0,26
1375,@FoxNews,2017-12-11,0.4215,0.0,0.763,0.237,25
1376,@FoxNews,2017-12-11,-0.3102,0.181,0.694,0.126,24
1377,@FoxNews,2017-12-11,-0.2263,0.106,0.894,0.0,23
1378,@FoxNews,2017-12-11,0.0,0.0,1.0,0.0,22
1379,@FoxNews,2017-12-11,-0.4588,0.158,0.842,0.0,21
1380,@FoxNews,2017-12-11,-0.1779,0.185,0.658,0.156,20
1381,@FoxNews,2017-12-11,0.3612,0.088,0.766,0.146,19
1382,@FoxNews,2017-12-11,0.4019,0.0,0.863,0.137,18
1383,@FoxNews,2017-12-11,-0.7841,0.385,0.615,0.0,17
1384,@FoxNews,2017-12-11,-0.6249,0.255,0.745,0.0,16
1385,@FoxNews,2017-12-11,0.0,0.0,1.0,0.0,15
1386,@FoxNews,2017-12-11,-0.296,0.104,0.896,0.0,14
1387,@FoxNews,2017-12-11,0.0,0.0,1.0,0.0,13
1388,@FoxNews,2017-12-11,0.0,0.0,1.0,0.0,12
1389,@FoxNews,2017-12-11,-0.5574,0.365,0.635,0.0,11
1390,@FoxNews,2017-12-11,0.5267,0.0,0.848,0.152,10
1391,@FoxNews,2017-12-11,-0.4754,0.192,0.735,0.073,9
1392,@FoxNews,2017-12-11,-0.8402,0.529,0.471,0.0,8
1393,@FoxNews,2017-12-11,0.5267,0.0,0.812,0.188,7
1394,@FoxNews,2017-12-11,0.743,0.0,0.73,0.27,6
1395,@FoxNews,2017-12-11,0.4767,0.0,0.829,0.171,5
1396,@FoxNews,2017-12-11,0.0,0.0,1.0,0.0,4
1397,@FoxNews,2017-12-11,0.5267,0.0,0.825,0.175,3
1398,@FoxNews,2017-12-11,-0.1027,0.123,0.877,0.0,2
1399,@FoxNews,2017-12-11,0.3818,0.0,0.86,0.14,1
1400,@nytimes,2017-12-11,-0.296,0.207,0.667,0.127,100
1401,@nytimes,2017-12-11,0.8733,0.0,0.573,0.427,99
1402,@nytimes,2017-12-11,0.25,0.087,0.787,0.126,98
1403,@nytimes,2017-12-11,0.6908,0.0,0.749,0.251,97
1404,@nytimes,2017-12-11,0.4215,0.0,0.787,0.213,96
1405,@nytimes,2017-12-11,0.0772,0.0,0.843,0.157,95
1406,@nytimes,2017-12-11,0.2023,0.168,0.588,0.244,94
1407,@nytimes,2017-12-11,-0.7506,0.407,0.484,0.109,93
1408,@nytimes,2017-12-11,0.0,0.0,1.0,0.0,92
1409,@nytimes,2017-12-11,0.6369,0.0,0.625,0.375,91
1410,@nytimes,2017-12-11,0.5267,0.0,0.82,0.18,90
1411,@nytimes,2017-12-11,-0.4939,0.176,0.824,0.0,89
1412,@nytimes,2017-12-11,-0.34,0.118,0.882,0.0,88
1413,@nytimes,2017-12-11,-0.4939,0.127,0.873,0.0,87
1414,@nytimes,2017-12-11,-0.296,0.121,0.879,0.0,86
1415,@nytimes,2017-12-11,0.0,0.0,1.0,0.0,85
1416,@nytimes,2017-12-11,0.0,0.0,1.0,0.0,84
1417,@nytimes,2017-12-11,0.4767,0.0,0.853,0.147,83
1418,@nytimes,2017-12-11,0.0,0.0,1.0,0.0,82
1419,@nytimes,2017-12-11,-0.5106,0.216,0.784,0.0,81
1420,@nytimes,2017-12-11,0.0,0.0,1.0,0.0,80
1421,@nytimes,2017-12-11,-0.6597,0.241,0.759,0.0,79
1422,@nytimes,2017-12-11,-0.1531,0.068,0.932,0.0,78
1423,@nytimes,2017-12-11,-0.296,0.099,0.901,0.0,77
1424,@nytimes,2017-12-11,0.0,0.0,1.0,0.0,76
1425,@nytimes,2017-12-11,-0.8126,0.399,0.435,0.167,75
1426,@nytimes,2017-12-11,-0.296,0.207,0.667,0.127,74
1427,@nytimes,2017-12-11,-0.8316,0.358,0.642,0.0,73
1428,@nytimes,2017-12-11,0.0,0.0,1.0,0.0,72
1429,@nytimes,2017-12-11,0.0772,0.0,0.843,0.157,71
1430,@nytimes,2017-12-11,-0.7003,0.392,0.608,0.0,70
1431,@nytimes,2017-12-11,0.0,0.0,1.0,0.0,69
1432,@nytimes,2017-12-11,0.3182,0.0,0.796,0.204,68
1433,@nytimes,2017-12-11,0.0772,0.0,0.936,0.064,67
1434,@nytimes,2017-12-11,0.0,0.0,1.0,0.0,66
1435,@nytimes,2017-12-11,0.0,0.0,1.0,0.0,65
1436,@nytimes,2017-12-11,0.0,0.0,1.0,0.0,64
1437,@nytimes,2017-12-11,0.0,0.0,1.0,0.0,63
1438,@nytimes,2017-12-11,0.0,0.0,1.0,0.0,62
1439,@nytimes,2017-12-11,0.4404,0.11,0.686,0.203,61
1440,@nytimes,2017-12-11,-0.875,0.37,0.63,0.0,60
1441,@nytimes,2017-12-11,0.0,0.0,1.0,0.0,59
1442,@nytimes,2017-12-11,0.5423,0.143,0.571,0.286,58
1443,@nytimes,2017-12-11,0.0,0.0,1.0,0.0,57
1444,@nytimes,2017-12-11,0.0,0.0,1.0,0.0,56
1445,@nytimes,2017-12-11,-0.296,0.099,0.901,0.0,55
1446,@nytimes,2017-12-11,0.3818,0.124,0.641,0.235,54
1447,@nytimes,2017-12-11,-0.3818,0.12,0.88,0.0,53
1448,@nytimes,2017-12-11,-0.6369,0.215,0.785,0.0,52
1449,@nytimes,2017-12-11,-0.3182,0.126,0.874,0.0,51
1450,@nytimes,2017-12-11,0.0,0.0,1.0,0.0,50
1451,@nytimes,2017-12-11,0.0,0.0,1.0,0.0,49
1452,@nytimes,2017-12-11,0.0,0.0,1.0,0.0,48
1453,@nytimes,2017-12-11,0.0,0.0,1.0,0.0,47
1454,@nytimes,2017-12-11,-0.6204,0.264,0.665,0.071,46
1455,@nytimes,2017-12-11,0.0,0.0,1.0,0.0,45
1456,@nytimes,2017-12-11,0.0,0.0,1.0,0.0,44
1457,@nytimes,2017-12-11,0.9169,0.0,0.52,0.48,43
1458,@nytimes,2017-12-11,0.0,0.0,1.0,0.0,42
1459,@nytimes,2017-12-11,0.0,0.0,1.0,0.0,41
1460,@nytimes,2017-12-11,0.0,0.0,1.0,0.0,40
1461,@nytimes,2017-12-11,0.5859,0.0,0.648,0.352,39
1462,@nytimes,2017-12-11,0.4404,0.0,0.868,0.132,38
1463,@nytimes,2017-12-11,0.1027,0.105,0.773,0.123,37
1464,@nytimes,2017-12-11,-0.6249,0.321,0.584,0.095,36
1465,@nytimes,2017-12-11,0.0258,0.053,0.889,0.058,35
1466,@nytimes,2017-12-11,-0.3818,0.106,0.894,0.0,34
1467,@nytimes,2017-12-11,0.0,0.0,1.0,0.0,33
1468,@nytimes,2017-12-11,0.0,0.0,1.0,0.0,32
1469,@nytimes,2017-12-11,0.0772,0.0,0.939,0.061,31
1470,@nytimes,2017-12-11,0.25,0.14,0.676,0.185,30
1471,@nytimes,2017-12-11,0.3612,0.05,0.837,0.113,29
1472,@nytimes,2017-12-11,0.4588,0.0,0.833,0.167,28
1473,@nytimes,2017-12-11,0.6597,0.0,0.526,0.474,27
1474,@nytimes,2017-12-11,-0.7184,0.316,0.684,0.0,26
1475,@nytimes,2017-12-11,-0.7906,0.241,0.759,0.0,25
1476,@nytimes,2017-12-11,-0.5267,0.386,0.614,0.0,24
1477,@nytimes,2017-12-11,0.0,0.0,1.0,0.0,23
1478,@nytimes,2017-12-11,0.0,0.0,1.0,0.0,22
1479,@nytimes,2017-12-11,0.4215,0.0,0.851,0.149,21
1480,@nytimes,2017-12-11,0.7184,0.0,0.75,0.25,20
1481,@nytimes,2017-12-11,-0.6705,0.2,0.8,0.0,19
1482,@nytimes,2017-12-11,-0.5267,0.274,0.726,0.0,18
1483,@nytimes,2017-12-11,0.1779,0.0,0.922,0.078,17
1484,@nytimes,2017-12-11,-0.4019,0.137,0.863,0.0,16
1485,@nytimes,2017-12-11,-0.6195,0.18,0.82,0.0,15
1486,@nytimes,2017-12-11,-0.1531,0.156,0.745,0.099,14
1487,@nytimes,2017-12-11,0.6369,0.0,0.543,0.457,13
1488,@nytimes,2017-12-11,0.1779,0.0,0.925,0.075,12
1489,@nytimes,2017-12-11,0.0,0.0,1.0,0.0,11
1490,@nytimes,2017-12-11,0.0,0.0,1.0,0.0,10
1491,@nytimes,2017-12-11,0.1027,0.105,0.773,0.123,9
1492,@nytimes,2017-12-11,0.0,0.0,1.0,0.0,8
1493,@nytimes,2017-12-11,-0.2263,0.128,0.872,0.0,7
1494,@nytimes,2017-12-11,0.128,0.143,0.695,0.162,6
1495,@nytimes,2017-12-11,0.0,0.0,1.0,0.0,5
1496,@nytimes,2017-12-11,0.6467,0.0,0.816,0.184,4
1497,@nytimes,2017-12-11,0.4404,0.0,0.674,0.326,3
1498,@nytimes,2017-12-11,-0.8316,0.358,0.642,0.0,2
1499,@nytimes,2017-12-11,0.0,0.0,1.0,0.0,1
1500,@BBC,2017-12-11,-0.4019,0.231,0.769,0.0,100
1501,@BBC,2017-12-11,0.0,0.0,1.0,0.0,99
1502,@BBC,2017-12-11,0.4939,0.0,0.849,0.151,98
1503,@BBC,2017-12-11,-0.5574,0.135,0.865,0.0,97
1504,@BBC,2017-12-11,0.0,0.0,1.0,0.0,96
1505,@BBC,2017-12-11,0.34,0.0,0.888,0.112,95
1506,@BBC,2017-12-11,0.4939,0.0,0.814,0.186,94
1507,@BBC,2017-12-11,0.128,0.0,0.933,0.067,93
1508,@BBC,2017-12-11,-0.5574,0.146,0.854,0.0,92
1509,@BBC,2017-12-11,0.0,0.0,1.0,0.0,91
1510,@BBC,2017-12-11,0.0,0.0,1.0,0.0,90
1511,@BBC,2017-12-11,0.0,0.0,1.0,0.0,89
1512,@BBC,2017-12-11,0.4199,0.0,0.872,0.128,88
1513,@BBC,2017-12-11,0.4588,0.0,0.85,0.15,87
1514,@BBC,2017-12-11,0.0,0.0,1.0,0.0,86
1515,@BBC,2017-12-11,0.7177,0.0,0.667,0.333,85
1516,@BBC,2017-12-11,0.0,0.0,1.0,0.0,84
1517,@BBC,2017-12-11,-0.296,0.104,0.896,0.0,83
1518,@BBC,2017-12-11,0.2023,0.0,0.887,0.113,82
1519,@BBC,2017-12-11,0.0,0.0,1.0,0.0,81
1520,@BBC,2017-12-11,-0.743,0.296,0.704,0.0,80
1521,@BBC,2017-12-11,0.0,0.0,1.0,0.0,79
1522,@BBC,2017-12-11,-0.4215,0.128,0.872,0.0,78
1523,@BBC,2017-12-11,0.0,0.0,1.0,0.0,77
1524,@BBC,2017-12-11,0.6124,0.064,0.738,0.198,76
1525,@BBC,2017-12-11,0.0,0.0,1.0,0.0,75
1526,@BBC,2017-12-11,0.0258,0.132,0.696,0.172,74
1527,@BBC,2017-12-11,-0.34,0.124,0.876,0.0,73
1528,@BBC,2017-12-11,0.5574,0.0,0.805,0.195,72
1529,@BBC,2017-12-11,0.0,0.0,1.0,0.0,71
1530,@BBC,2017-12-11,0.5859,0.0,0.821,0.179,70
1531,@BBC,2017-12-11,0.0,0.0,1.0,0.0,69
1532,@BBC,2017-12-11,0.7783,0.0,0.702,0.298,68
1533,@BBC,2017-12-11,0.3182,0.0,0.897,0.103,67
1534,@BBC,2017-12-11,-0.2869,0.119,0.803,0.078,66
1535,@BBC,2017-12-11,0.0,0.0,1.0,0.0,65
1536,@BBC,2017-12-11,0.4926,0.0,0.873,0.127,64
1537,@BBC,2017-12-11,-0.4215,0.243,0.543,0.214,63
1538,@BBC,2017-12-11,0.0,0.0,1.0,0.0,62
1539,@BBC,2017-12-11,0.0,0.0,1.0,0.0,61
1540,@BBC,2017-12-11,0.636,0.0,0.756,0.244,60
1541,@BBC,2017-12-11,0.2732,0.0,0.9,0.1,59
1542,@BBC,2017-12-10,0.6915,0.0,0.56,0.44,58
1543,@BBC,2017-12-10,0.0,0.0,1.0,0.0,57
1544,@BBC,2017-12-10,0.4391,0.0,0.855,0.145,56
1545,@BBC,2017-12-10,-0.3818,0.126,0.874,0.0,55
1546,@BBC,2017-12-10,0.0,0.0,1.0,0.0,54
1547,@BBC,2017-12-10,0.0,0.0,1.0,0.0,53
1548,@BBC,2017-12-10,0.0,0.0,1.0,0.0,52
1549,@BBC,2017-12-10,-0.5574,0.231,0.769,0.0,51
1550,@BBC,2017-12-10,-0.836,0.283,0.717,0.0,50
1551,@BBC,2017-12-10,0.0,0.0,1.0,0.0,49
1552,@BBC,2017-12-10,0.4019,0.0,0.87,0.13,48
1553,@BBC,2017-12-10,0.9169,0.0,0.482,0.518,47
1554,@BBC,2017-12-10,0.0,0.0,1.0,0.0,46
1555,@BBC,2017-12-10,-0.5267,0.152,0.848,0.0,45
1556,@BBC,2017-12-10,0.0,0.0,1.0,0.0,44
1557,@BBC,2017-12-10,0.5106,0.0,0.837,0.163,43
1558,@BBC,2017-12-10,0.7096,0.0,0.604,0.396,42
1559,@BBC,2017-12-10,-0.1803,0.213,0.602,0.185,41
1560,@BBC,2017-12-10,0.6249,0.0,0.797,0.203,40
1561,@BBC,2017-12-10,0.5574,0.0,0.816,0.184,39
1562,@BBC,2017-12-10,0.5719,0.0,0.73,0.27,38
1563,@BBC,2017-12-10,-0.2263,0.137,0.863,0.0,37
1564,@BBC,2017-12-10,0.8765,0.116,0.555,0.329,36
1565,@BBC,2017-12-10,0.0,0.0,1.0,0.0,35
1566,@BBC,2017-12-10,0.25,0.0,0.9,0.1,34
1567,@BBC,2017-12-10,0.5279,0.0,0.86,0.14,33
1568,@BBC,2017-12-10,0.4588,0.0,0.864,0.136,32
1569,@BBC,2017-12-10,0.0,0.0,1.0,0.0,31
1570,@BBC,2017-12-10,0.3595,0.0,0.878,0.122,30
1571,@BBC,2017-12-10,0.0,0.0,1.0,0.0,29
1572,@BBC,2017-12-10,0.4767,0.083,0.725,0.192,28
1573,@BBC,2017-12-10,0.0,0.0,1.0,0.0,27
1574,@BBC,2017-12-10,0.5574,0.0,0.813,0.187,26
1575,@BBC,2017-12-10,0.0,0.0,1.0,0.0,25
1576,@BBC,2017-12-10,-0.4063,0.189,0.811,0.0,24
1577,@BBC,2017-12-10,0.0,0.0,1.0,0.0,23
1578,@BBC,2017-12-10,0.6369,0.0,0.769,0.231,22
1579,@BBC,2017-12-10,0.0,0.0,1.0,0.0,21
1580,@BBC,2017-12-10,0.0,0.0,1.0,0.0,20
1581,@BBC,2017-12-10,0.4939,0.0,0.868,0.132,19
1582,@BBC,2017-12-10,0.0,0.0,1.0,0.0,18
1583,@BBC,2017-12-10,-0.8271,0.312,0.688,0.0,17
1584,@BBC,2017-12-10,0.6588,0.0,0.747,0.253,16
1585,@BBC,2017-12-10,0.7597,0.0,0.763,0.237,15
1586,@BBC,2017-12-10,-0.4215,0.163,0.773,0.064,14
1587,@BBC,2017-12-10,0.7579,0.0,0.735,0.265,13
1588,@BBC,2017-12-10,0.0,0.0,1.0,0.0,12
1589,@BBC,2017-12-10,0.4588,0.0,0.857,0.143,11
1590,@BBC,2017-12-10,-0.3612,0.102,0.898,0.0,10
1591,@BBC,2017-12-09,0.5743,0.0,0.821,0.179,9
1592,@BBC,2017-12-09,-0.3595,0.135,0.865,0.0,8
1593,@BBC,2017-12-09,0.7783,0.0,0.756,0.244,7
1594,@BBC,2017-12-09,0.0,0.0,1.0,0.0,6
1595,@BBC,2017-12-09,0.8911,0.096,0.468,0.436,5
1596,@BBC,2017-12-09,0.0,0.0,1.0,0.0,4
1597,@BBC,2017-12-09,0.3182,0.092,0.763,0.145,3
1598,@BBC,2017-12-09,0.4939,0.0,0.856,0.144,2
1599,@BBC,2017-12-09,0.8655,0.0,0.64,0.36,1
1600,@CBS,2017-12-11,0.8832,0.0,0.636,0.364,100
1601,@CBS,2017-12-11,0.4939,0.086,0.703,0.211,99
1602,@CBS,2017-12-11,-0.2263,0.083,0.917,0.0,98
1603,@CBS,2017-12-11,-0.2263,0.087,0.913,0.0,97
1604,@CBS,2017-12-10,0.0772,0.0,0.936,0.064,96
1605,@CBS,2017-12-10,0.0,0.0,1.0,0.0,95
1606,@CBS,2017-12-09,0.5754,0.07,0.742,0.189,94
1607,@CBS,2017-12-09,0.6476,0.0,0.791,0.209,93
1608,@CBS,2017-12-08,0.8126,0.0,0.697,0.303,92
1609,@CBS,2017-12-07,0.7777,0.0,0.746,0.254,91
1610,@CBS,2017-12-07,0.5423,0.0,0.863,0.137,90
1611,@CBS,2017-12-06,0.3182,0.0,0.874,0.126,89
1612,@CBS,2017-12-05,0.1511,0.0,0.91,0.09,88
1613,@CBS,2017-12-05,0.4199,0.0,0.883,0.117,87
1614,@CBS,2017-12-05,0.5106,0.0,0.837,0.163,86
1615,@CBS,2017-12-05,0.0,0.0,1.0,0.0,85
1616,@CBS,2017-12-04,0.3612,0.0,0.894,0.106,84
1617,@CBS,2017-12-04,0.9217,0.0,0.496,0.504,83
1618,@CBS,2017-12-04,0.5213,0.0,0.813,0.187,82
1619,@CBS,2017-12-04,-0.5655,0.177,0.823,0.0,81
1620,@CBS,2017-12-04,0.9466,0.0,0.328,0.672,80
1621,@CBS,2017-12-04,0.5994,0.0,0.719,0.281,79
1622,@CBS,2017-12-04,0.7906,0.0,0.731,0.269,78
1623,@CBS,2017-12-04,0.8689,0.0,0.671,0.329,77
1624,@CBS,2017-12-04,0.8016,0.0,0.736,0.264,76
1625,@CBS,2017-12-04,0.5719,0.0,0.844,0.156,75
1626,@CBS,2017-12-04,0.0,0.0,1.0,0.0,74
1627,@CBS,2017-12-04,0.25,0.0,0.867,0.133,73
1628,@CBS,2017-12-04,0.0,0.0,1.0,0.0,72
1629,@CBS,2017-12-04,0.0,0.0,1.0,0.0,71
1630,@CBS,2017-12-04,0.8591,0.0,0.513,0.487,70
1631,@CBS,2017-12-04,-0.2263,0.076,0.924,0.0,69
1632,@CBS,2017-12-04,0.5574,0.0,0.806,0.194,68
1633,@CBS,2017-12-04,0.3612,0.0,0.762,0.238,67
1634,@CBS,2017-12-04,0.4588,0.0,0.864,0.136,66
1635,@CBS,2017-12-04,0.807,0.0,0.644,0.356,65
1636,@CBS,2017-12-04,0.4574,0.0,0.87,0.13,64
1637,@CBS,2017-12-04,-0.2263,0.095,0.905,0.0,63
1638,@CBS,2017-12-03,0.8271,0.0,0.648,0.352,62
1639,@CBS,2017-12-03,0.7783,0.0,0.714,0.286,61
1640,@CBS,2017-12-03,0.8658,0.0,0.614,0.386,60
1641,@CBS,2017-12-03,0.8516,0.0,0.647,0.353,59
1642,@CBS,2017-12-03,0.7897,0.0,0.72,0.28,58
1643,@CBS,2017-12-02,0.6166,0.0,0.825,0.175,57
1644,@CBS,2017-12-02,0.1867,0.0,0.902,0.098,56
1645,@CBS,2017-12-02,0.6996,0.0,0.821,0.179,55
1646,@CBS,2017-12-02,-0.3595,0.128,0.872,0.0,54
1647,@CBS,2017-12-01,0.3612,0.0,0.884,0.116,53
1648,@CBS,2017-12-01,0.4199,0.0,0.866,0.134,52
1649,@CBS,2017-12-01,0.7707,0.0,0.718,0.282,51
1650,@CBS,2017-12-01,0.0,0.0,1.0,0.0,50
1651,@CBS,2017-12-01,0.8221,0.0,0.691,0.309,49
1652,@CBS,2017-12-01,0.0,0.0,1.0,0.0,48
1653,@CBS,2017-12-01,0.0,0.0,1.0,0.0,47
1654,@CBS,2017-12-01,0.0,0.0,1.0,0.0,46
1655,@CBS,2017-12-01,0.6893,0.0,0.749,0.251,45
1656,@CBS,2017-12-01,0.1901,0.0,0.907,0.093,44
1657,@CBS,2017-12-01,0.296,0.0,0.872,0.128,43
1658,@CBS,2017-11-30,0.0,0.0,1.0,0.0,42
1659,@CBS,2017-11-30,0.6115,0.0,0.773,0.227,41
1660,@CBS,2017-11-30,0.0,0.0,1.0,0.0,40
1661,@CBS,2017-11-30,0.6808,0.0,0.752,0.248,39
1662,@CBS,2017-11-30,0.3612,0.0,0.865,0.135,38
1663,@CBS,2017-11-30,0.0,0.0,1.0,0.0,37
1664,@CBS,2017-11-30,-0.3595,0.128,0.872,0.0,36
1665,@CBS,2017-11-30,0.6239,0.0,0.55,0.45,35
1666,@CBS,2017-11-30,0.0,0.0,1.0,0.0,34
1667,@CBS,2017-11-30,0.5542,0.0,0.796,0.204,33
1668,@CBS,2017-11-30,0.0,0.0,1.0,0.0,32
1669,@CBS,2017-11-30,0.0,0.0,1.0,0.0,31
1670,@CBS,2017-11-30,0.0,0.0,1.0,0.0,30
1671,@CBS,2017-11-30,0.7482,0.0,0.566,0.434,29
1672,@CBS,2017-11-30,0.8513,0.0,0.458,0.542,28
1673,@CBS,2017-11-30,0.7232,0.0,0.698,0.302,27
1674,@CBS,2017-11-30,0.0,0.0,1.0,0.0,26
1675,@CBS,2017-11-30,0.8979,0.049,0.557,0.394,25
1676,@CBS,2017-11-30,0.0,0.0,1.0,0.0,24
1677,@CBS,2017-11-30,0.6988,0.0,0.548,0.452,23
1678,@CBS,2017-11-30,0.0,0.0,1.0,0.0,22
1679,@CBS,2017-11-30,0.7067,0.0,0.754,0.246,21
1680,@CBS,2017-11-30,0.0,0.0,1.0,0.0,20
1681,@CBS,2017-11-30,0.0,0.0,1.0,0.0,19
1682,@CBS,2017-11-30,0.6514,0.0,0.842,0.158,18
1683,@CBS,2017-11-30,0.1139,0.0,0.936,0.064,17
1684,@CBS,2017-11-29,0.6825,0.0,0.772,0.228,16
1685,@CBS,2017-11-29,0.5826,0.0,0.848,0.152,15
1686,@CBS,2017-11-29,0.0,0.0,1.0,0.0,14
1687,@CBS,2017-11-29,0.0,0.0,1.0,0.0,13
1688,@CBS,2017-11-29,0.0,0.0,1.0,0.0,12
1689,@CBS,2017-11-29,0.0,0.0,1.0,0.0,11
1690,@CBS,2017-11-29,0.4559,0.0,0.858,0.142,10
1691,@CBS,2017-11-29,0.0,0.0,1.0,0.0,9
1692,@CBS,2017-11-29,0.6124,0.0,0.8,0.2,8
1693,@CBS,2017-11-29,0.4926,0.0,0.842,0.158,7
1694,@CBS,2017-11-29,0.6696,0.0,0.809,0.191,6
1695,@CBS,2017-11-29,0.6696,0.0,0.817,0.183,5
1696,@CBS,2017-11-29,0.4201,0.087,0.754,0.158,4
1697,@CBS,2017-11-29,0.5826,0.0,0.848,0.152,3
1698,@CBS,2017-11-29,0.5106,0.0,0.751,0.249,2
1699,@CBS,2017-11-29,0.9476,0.0,0.551,0.449,1
1700,@CNN,2017-12-11,-0.4207,0.243,0.574,0.183,100
1701,@CNN,2017-12-11,0.4019,0.0,0.863,0.137,99
1702,@CNN,2017-12-11,0.0,0.0,1.0,0.0,98
1703,@CNN,2017-12-11,0.0,0.0,1.0,0.0,97
1704,@CNN,2017-12-11,0.0772,0.0,0.939,0.061,96
1705,@CNN,2017-12-11,0.0,0.0,1.0,0.0,95
1706,@CNN,2017-12-11,0.0,0.0,1.0,0.0,94
1707,@CNN,2017-12-11,0.3612,0.0,0.894,0.106,93
1708,@CNN,2017-12-11,0.0,0.0,1.0,0.0,92
1709,@CNN,2017-12-11,-0.296,0.115,0.885,0.0,91
1710,@CNN,2017-12-11,-0.2732,0.108,0.837,0.054,90
1711,@CNN,2017-12-11,0.0,0.0,1.0,0.0,89
1712,@CNN,2017-12-11,-0.5719,0.207,0.793,0.0,88
1713,@CNN,2017-12-11,0.5574,0.0,0.796,0.204,87
1714,@CNN,2017-12-11,-0.1027,0.069,0.931,0.0,86
1715,@CNN,2017-12-11,0.0,0.0,1.0,0.0,85
1716,@CNN,2017-12-11,0.0,0.0,1.0,0.0,84
1717,@CNN,2017-12-11,-0.296,0.099,0.901,0.0,83
1718,@CNN,2017-12-11,-0.34,0.13,0.87,0.0,82
1719,@CNN,2017-12-11,-0.6486,0.249,0.751,0.0,81
1720,@CNN,2017-12-11,0.0,0.0,1.0,0.0,80
1721,@CNN,2017-12-11,0.0,0.0,1.0,0.0,79
1722,@CNN,2017-12-11,0.0,0.0,1.0,0.0,78
1723,@CNN,2017-12-11,0.3818,0.0,0.865,0.135,77
1724,@CNN,2017-12-11,0.0,0.0,1.0,0.0,76
1725,@CNN,2017-12-11,0.5983,0.0,0.844,0.156,75
1726,@CNN,2017-12-11,0.5106,0.0,0.858,0.142,74
1727,@CNN,2017-12-11,0.0,0.0,1.0,0.0,73
1728,@CNN,2017-12-11,-0.2263,0.161,0.738,0.101,72
1729,@CNN,2017-12-11,-0.1779,0.124,0.777,0.099,71
1730,@CNN,2017-12-11,-0.6369,0.245,0.755,0.0,70
1731,@CNN,2017-12-11,0.0,0.0,1.0,0.0,69
1732,@CNN,2017-12-11,-0.8074,0.343,0.657,0.0,68
1733,@CNN,2017-12-11,0.0,0.0,1.0,0.0,67
1734,@CNN,2017-12-11,-0.296,0.128,0.872,0.0,66
1735,@CNN,2017-12-11,-0.7096,0.258,0.742,0.0,65
1736,@CNN,2017-12-11,0.0,0.0,1.0,0.0,64
1737,@CNN,2017-12-11,0.0,0.0,1.0,0.0,63
1738,@CNN,2017-12-11,0.0,0.0,1.0,0.0,62
1739,@CNN,2017-12-11,0.5267,0.0,0.672,0.328,61
1740,@CNN,2017-12-11,-0.296,0.104,0.896,0.0,60
1741,@CNN,2017-12-11,-0.1027,0.065,0.935,0.0,59
1742,@CNN,2017-12-11,0.0,0.0,1.0,0.0,58
1743,@CNN,2017-12-11,0.0,0.0,1.0,0.0,57
1744,@CNN,2017-12-11,0.2146,0.108,0.74,0.153,56
1745,@CNN,2017-12-11,0.0,0.0,1.0,0.0,55
1746,@CNN,2017-12-11,0.0,0.0,1.0,0.0,54
1747,@CNN,2017-12-11,0.5574,0.0,0.82,0.18,53
1748,@CNN,2017-12-11,0.5574,0.0,0.816,0.184,52
1749,@CNN,2017-12-11,0.0,0.0,1.0,0.0,51
1750,@CNN,2017-12-11,-0.296,0.104,0.896,0.0,50
1751,@CNN,2017-12-11,0.0,0.0,1.0,0.0,49
1752,@CNN,2017-12-11,0.0,0.0,1.0,0.0,48
1753,@CNN,2017-12-11,-0.7096,0.258,0.742,0.0,47
1754,@CNN,2017-12-11,-0.4019,0.124,0.876,0.0,46
1755,@CNN,2017-12-11,0.0,0.0,1.0,0.0,45
1756,@CNN,2017-12-11,0.0,0.0,1.0,0.0,44
1757,@CNN,2017-12-11,-0.8591,0.388,0.612,0.0,43
1758,@CNN,2017-12-11,0.5423,0.0,0.83,0.17,42
1759,@CNN,2017-12-11,-0.4588,0.176,0.824,0.0,41
1760,@CNN,2017-12-11,0.0,0.0,1.0,0.0,40
1761,@CNN,2017-12-11,0.0,0.0,1.0,0.0,39
1762,@CNN,2017-12-11,-0.3612,0.132,0.868,0.0,38
1763,@CNN,2017-12-11,-0.296,0.109,0.891,0.0,37
1764,@CNN,2017-12-11,-0.6908,0.251,0.749,0.0,36
1765,@CNN,2017-12-11,0.25,0.094,0.726,0.179,35
1766,@CNN,2017-12-11,0.0,0.0,1.0,0.0,34
1767,@CNN,2017-12-11,-0.296,0.104,0.896,0.0,33
1768,@CNN,2017-12-11,0.0258,0.0,0.939,0.061,32
1769,@CNN,2017-12-11,0.0,0.0,1.0,0.0,31
1770,@CNN,2017-12-11,0.6124,0.074,0.698,0.229,30
1771,@CNN,2017-12-11,0.3612,0.0,0.857,0.143,29
1772,@CNN,2017-12-11,0.0,0.0,1.0,0.0,28
1773,@CNN,2017-12-11,0.0,0.0,1.0,0.0,27
1774,@CNN,2017-12-11,-0.4939,0.127,0.873,0.0,26
1775,@CNN,2017-12-11,0.0,0.0,1.0,0.0,25
1776,@CNN,2017-12-11,0.0772,0.0,0.909,0.091,24
1777,@CNN,2017-12-11,0.0,0.0,1.0,0.0,23
1778,@CNN,2017-12-11,-0.0772,0.085,0.915,0.0,22
1779,@CNN,2017-12-11,0.7845,0.0,0.635,0.365,21
1780,@CNN,2017-12-11,-0.0772,0.174,0.671,0.154,20
1781,@CNN,2017-12-11,-0.4019,0.124,0.876,0.0,19
1782,@CNN,2017-12-11,0.5574,0.0,0.765,0.235,18
1783,@CNN,2017-12-11,0.7783,0.0,0.673,0.327,17
1784,@CNN,2017-12-11,0.0,0.0,1.0,0.0,16
1785,@CNN,2017-12-11,0.5983,0.0,0.822,0.178,15
1786,@CNN,2017-12-11,0.0,0.0,1.0,0.0,14
1787,@CNN,2017-12-11,0.25,0.0,0.9,0.1,13
1788,@CNN,2017-12-11,0.0,0.0,1.0,0.0,12
1789,@CNN,2017-12-11,0.5574,0.0,0.69,0.31,11
1790,@CNN,2017-12-11,0.0,0.0,1.0,0.0,10
1791,@CNN,2017-12-11,0.4466,0.0,0.816,0.184,9
1792,@CNN,2017-12-11,0.0,0.0,1.0,0.0,8
1793,@CNN,2017-12-11,0.8074,0.0,0.644,0.356,7
1794,@CNN,2017-12-11,0.0,0.0,1.0,0.0,6
1795,@CNN,2017-12-11,-0.6705,0.191,0.809,0.0,5
1796,@CNN,2017-12-11,0.0,0.0,1.0,0.0,4
1797,@CNN,2017-12-11,-0.802,0.31,0.69,0.0,3
1798,@CNN,2017-12-11,-0.7096,0.258,0.742,0.0,2
1799,@CNN,2017-12-11,-0.5719,0.198,0.802,0.0,1
1800,@FoxNews,2017-12-11,0.0516,0.138,0.714,0.148,100
1801,@FoxNews,2017-12-11,0.6249,0.0,0.709,0.291,99
1802,@FoxNews,2017-12-11,-0.2263,0.176,0.72,0.104,98
1803,@FoxNews,2017-12-11,-0.8316,0.441,0.479,0.08,97
1804,@FoxNews,2017-12-11,0.0,0.0,1.0,0.0,96
1805,@FoxNews,2017-12-11,-0.2732,0.204,0.659,0.138,95
1806,@FoxNews,2017-12-11,-0.6597,0.375,0.625,0.0,94
1807,@FoxNews,2017-12-11,-0.3818,0.271,0.729,0.0,93
1808,@FoxNews,2017-12-11,0.6794,0.0,0.741,0.259,92
1809,@FoxNews,2017-12-11,0.2732,0.0,0.9,0.1,91
1810,@FoxNews,2017-12-11,-0.9413,0.497,0.503,0.0,90
1811,@FoxNews,2017-12-11,0.7777,0.0,0.606,0.394,89
1812,@FoxNews,2017-12-11,0.0,0.139,0.723,0.139,88
1813,@FoxNews,2017-12-11,-0.4767,0.147,0.853,0.0,87
1814,@FoxNews,2017-12-11,-0.0772,0.133,0.751,0.116,86
1815,@FoxNews,2017-12-11,-0.8074,0.399,0.601,0.0,85
1816,@FoxNews,2017-12-11,0.0,0.0,1.0,0.0,84
1817,@FoxNews,2017-12-11,0.2263,0.0,0.909,0.091,83
1818,@FoxNews,2017-12-11,-0.7269,0.478,0.335,0.187,82
1819,@FoxNews,2017-12-11,-0.25,0.287,0.549,0.165,81
1820,@FoxNews,2017-12-11,0.0,0.0,1.0,0.0,80
1821,@FoxNews,2017-12-11,0.0,0.0,1.0,0.0,79
1822,@FoxNews,2017-12-11,-0.4767,0.22,0.78,0.0,78
1823,@FoxNews,2017-12-11,-0.6808,0.359,0.641,0.0,77
1824,@FoxNews,2017-12-11,-0.4767,0.256,0.744,0.0,76
1825,@FoxNews,2017-12-11,0.6249,0.0,0.709,0.291,75
1826,@FoxNews,2017-12-11,-0.2732,0.16,0.84,0.0,74
1827,@FoxNews,2017-12-11,0.5719,0.0,0.812,0.188,73
1828,@FoxNews,2017-12-11,0.0,0.0,1.0,0.0,72
1829,@FoxNews,2017-12-11,-0.2732,0.245,0.581,0.174,71
1830,@FoxNews,2017-12-11,0.2263,0.0,0.863,0.137,70
1831,@FoxNews,2017-12-11,-0.296,0.178,0.696,0.126,69
1832,@FoxNews,2017-12-11,-0.25,0.287,0.549,0.165,68
1833,@FoxNews,2017-12-11,0.0,0.0,1.0,0.0,67
1834,@FoxNews,2017-12-11,0.4215,0.0,0.823,0.177,66
1835,@FoxNews,2017-12-11,0.0772,0.0,0.86,0.14,65
1836,@FoxNews,2017-12-11,0.0,0.0,1.0,0.0,64
1837,@FoxNews,2017-12-11,-0.296,0.145,0.855,0.0,63
1838,@FoxNews,2017-12-11,0.0,0.0,1.0,0.0,62
1839,@FoxNews,2017-12-11,-0.2263,0.176,0.72,0.104,61
1840,@FoxNews,2017-12-11,-0.8481,0.406,0.594,0.0,60
1841,@FoxNews,2017-12-11,0.0,0.0,1.0,0.0,59
1842,@FoxNews,2017-12-11,0.0,0.0,1.0,0.0,58
1843,@FoxNews,2017-12-11,-0.296,0.104,0.896,0.0,57
1844,@FoxNews,2017-12-11,-0.296,0.099,0.901,0.0,56
1845,@FoxNews,2017-12-11,-0.4939,0.132,0.868,0.0,55
1846,@FoxNews,2017-12-11,0.0,0.0,1.0,0.0,54
1847,@FoxNews,2017-12-11,0.0,0.0,1.0,0.0,53
1848,@FoxNews,2017-12-11,0.3612,0.0,0.878,0.122,52
1849,@FoxNews,2017-12-11,0.4404,0.0,0.854,0.146,51
1850,@FoxNews,2017-12-11,-0.5267,0.175,0.825,0.0,50
1851,@FoxNews,2017-12-11,-0.7579,0.302,0.698,0.0,49
1852,@FoxNews,2017-12-11,0.0,0.0,1.0,0.0,48
1853,@FoxNews,2017-12-11,0.0,0.0,1.0,0.0,47
1854,@FoxNews,2017-12-11,-0.4939,0.151,0.849,0.0,46
1855,@FoxNews,2017-12-11,-0.4939,0.147,0.798,0.055,45
1856,@FoxNews,2017-12-11,-0.5574,0.438,0.446,0.116,44
1857,@FoxNews,2017-12-11,-0.3182,0.113,0.887,0.0,43
1858,@FoxNews,2017-12-11,0.0772,0.0,0.936,0.064,42
1859,@FoxNews,2017-12-11,0.0772,0.0,0.925,0.075,41
1860,@FoxNews,2017-12-11,0.0772,0.0,0.944,0.056,40
1861,@FoxNews,2017-12-11,0.0772,0.0,0.936,0.064,39
1862,@FoxNews,2017-12-11,0.0772,0.0,0.936,0.064,38
1863,@FoxNews,2017-12-11,0.0772,0.0,0.915,0.085,37
1864,@FoxNews,2017-12-11,0.0772,0.0,0.92,0.08,36
1865,@FoxNews,2017-12-11,-0.34,0.245,0.636,0.118,35
1866,@FoxNews,2017-12-11,0.0772,0.0,0.92,0.08,34
1867,@FoxNews,2017-12-11,0.5859,0.0,0.789,0.211,33
1868,@FoxNews,2017-12-11,-0.6124,0.357,0.643,0.0,32
1869,@FoxNews,2017-12-11,0.6808,0.0,0.588,0.412,31
1870,@FoxNews,2017-12-11,0.34,0.0,0.882,0.118,30
1871,@FoxNews,2017-12-11,0.0,0.0,1.0,0.0,29
1872,@FoxNews,2017-12-11,0.4767,0.0,0.853,0.147,28
1873,@FoxNews,2017-12-11,0.7574,0.0,0.711,0.289,27
1874,@FoxNews,2017-12-11,-0.4588,0.25,0.75,0.0,26
1875,@FoxNews,2017-12-11,0.4215,0.0,0.763,0.237,25
1876,@FoxNews,2017-12-11,-0.3102,0.181,0.694,0.126,24
1877,@FoxNews,2017-12-11,-0.2263,0.106,0.894,0.0,23
1878,@FoxNews,2017-12-11,0.0,0.0,1.0,0.0,22
1879,@FoxNews,2017-12-11,-0.4588,0.158,0.842,0.0,21
1880,@FoxNews,2017-12-11,-0.1779,0.185,0.658,0.156,20
1881,@FoxNews,2017-12-11,0.3612,0.088,0.766,0.146,19
1882,@FoxNews,2017-12-11,0.4019,0.0,0.863,0.137,18
1883,@FoxNews,2017-12-11,-0.7841,0.385,0.615,0.0,17
1884,@FoxNews,2017-12-11,-0.6249,0.255,0.745,0.0,16
1885,@FoxNews,2017-12-11,0.0,0.0,1.0,0.0,15
1886,@FoxNews,2017-12-11,-0.296,0.104,0.896,0.0,14
1887,@FoxNews,2017-12-11,0.0,0.0,1.0,0.0,13
1888,@FoxNews,2017-12-11,0.0,0.0,1.0,0.0,12
1889,@FoxNews,2017-12-11,-0.5574,0.365,0.635,0.0,11
1890,@FoxNews,2017-12-11,0.5267,0.0,0.848,0.152,10
1891,@FoxNews,2017-12-11,-0.4754,0.192,0.735,0.073,9
1892,@FoxNews,2017-12-11,-0.8402,0.529,0.471,0.0,8
1893,@FoxNews,2017-12-11,0.5267,0.0,0.812,0.188,7
1894,@FoxNews,2017-12-11,0.743,0.0,0.73,0.27,6
1895,@FoxNews,2017-12-11,0.4767,0.0,0.829,0.171,5
1896,@FoxNews,2017-12-11,0.0,0.0,1.0,0.0,4
1897,@FoxNews,2017-12-11,0.5267,0.0,0.825,0.175,3
1898,@FoxNews,2017-12-11,-0.1027,0.123,0.877,0.0,2
1899,@FoxNews,2017-12-11,0.3818,0.0,0.86,0.14,1
1900,@nytimes,2017-12-11,-0.296,0.207,0.667,0.127,100
1901,@nytimes,2017-12-11,0.8733,0.0,0.573,0.427,99
1902,@nytimes,2017-12-11,0.25,0.087,0.787,0.126,98
1903,@nytimes,2017-12-11,0.6908,0.0,0.749,0.251,97
1904,@nytimes,2017-12-11,0.4215,0.0,0.787,0.213,96
1905,@nytimes,2017-12-11,0.0772,0.0,0.843,0.157,95
1906,@nytimes,2017-12-11,0.2023,0.168,0.588,0.244,94
1907,@nytimes,2017-12-11,-0.7506,0.407,0.484,0.109,93
1908,@nytimes,2017-12-11,0.0,0.0,1.0,0.0,92
1909,@nytimes,2017-12-11,0.6369,0.0,0.625,0.375,91
1910,@nytimes,2017-12-11,0.5267,0.0,0.82,0.18,90
1911,@nytimes,2017-12-11,-0.4939,0.176,0.824,0.0,89
1912,@nytimes,2017-12-11,-0.34,0.118,0.882,0.0,88
1913,@nytimes,2017-12-11,-0.4939,0.127,0.873,0.0,87
1914,@nytimes,2017-12-11,-0.296,0.121,0.879,0.0,86
1915,@nytimes,2017-12-11,0.0,0.0,1.0,0.0,85
1916,@nytimes,2017-12-11,0.0,0.0,1.0,0.0,84
1917,@nytimes,2017-12-11,0.4767,0.0,0.853,0.147,83
1918,@nytimes,2017-12-11,0.0,0.0,1.0,0.0,82
1919,@nytimes,2017-12-11,-0.5106,0.216,0.784,0.0,81
1920,@nytimes,2017-12-11,0.0,0.0,1.0,0.0,80
1921,@nytimes,2017-12-11,-0.6597,0.241,0.759,0.0,79
1922,@nytimes,2017-12-11,-0.1531,0.068,0.932,0.0,78
1923,@nytimes,2017-12-11,-0.296,0.099,0.901,0.0,77
1924,@nytimes,2017-12-11,0.0,0.0,1.0,0.0,76
1925,@nytimes,2017-12-11,-0.8126,0.399,0.435,0.167,75
1926,@nytimes,2017-12-11,-0.296,0.207,0.667,0.127,74
1927,@nytimes,2017-12-11,-0.8316,0.358,0.642,0.0,73
1928,@nytimes,2017-12-11,0.0,0.0,1.0,0.0,72
1929,@nytimes,2017-12-11,0.0772,0.0,0.843,0.157,71
1930,@nytimes,2017-12-11,-0.7003,0.392,0.608,0.0,70
1931,@nytimes,2017-12-11,0.0,0.0,1.0,0.0,69
1932,@nytimes,2017-12-11,0.3182,0.0,0.796,0.204,68
1933,@nytimes,2017-12-11,0.0772,0.0,0.936,0.064,67
1934,@nytimes,2017-12-11,0.0,0.0,1.0,0.0,66
1935,@nytimes,2017-12-11,0.0,0.0,1.0,0.0,65
1936,@nytimes,2017-12-11,0.0,0.0,1.0,0.0,64
1937,@nytimes,2017-12-11,0.0,0.0,1.0,0.0,63
1938,@nytimes,2017-12-11,0.0,0.0,1.0,0.0,62
1939,@nytimes,2017-12-11,0.4404,0.11,0.686,0.203,61
1940,@nytimes,2017-12-11,-0.875,0.37,0.63,0.0,60
1941,@nytimes,2017-12-11,0.0,0.0,1.0,0.0,59
1942,@nytimes,2017-12-11,0.5423,0.143,0.571,0.286,58
1943,@nytimes,2017-12-11,0.0,0.0,1.0,0.0,57
1944,@nytimes,2017-12-11,0.0,0.0,1.0,0.0,56
1945,@nytimes,2017-12-11,-0.296,0.099,0.901,0.0,55
1946,@nytimes,2017-12-11,0.3818,0.124,0.641,0.235,54
1947,@nytimes,2017-12-11,-0.3818,0.12,0.88,0.0,53
1948,@nytimes,2017-12-11,-0.6369,0.215,0.785,0.0,52
1949,@nytimes,2017-12-11,-0.3182,0.126,0.874,0.0,51
1950,@nytimes,2017-12-11,0.0,0.0,1.0,0.0,50
1951,@nytimes,2017-12-11,0.0,0.0,1.0,0.0,49
1952,@nytimes,2017-12-11,0.0,0.0,1.0,0.0,48
1953,@nytimes,2017-12-11,0.0,0.0,1.0,0.0,47
1954,@nytimes,2017-12-11,-0.6204,0.264,0.665,0.071,46
1955,@nytimes,2017-12-11,0.0,0.0,1.0,0.0,45
1956,@nytimes,2017-12-11,0.0,0.0,1.0,0.0,44
1957,@nytimes,2017-12-11,0.9169,0.0,0.52,0.48,43
1958,@nytimes,2017-12-11,0.0,0.0,1.0,0.0,42
1959,@nytimes,2017-12-11,0.0,0.0,1.0,0.0,41
1960,@nytimes,2017-12-11,0.0,0.0,1.0,0.0,40
1961,@nytimes,2017-12-11,0.5859,0.0,0.648,0.352,39
1962,@nytimes,2017-12-11,0.4404,0.0,0.868,0.132,38
1963,@nytimes,2017-12-11,0.1027,0.105,0.773,0.123,37
1964,@nytimes,2017-12-11,-0.6249,0.321,0.584,0.095,36
1965,@nytimes,2017-12-11,0.0258,0.053,0.889,0.058,35
1966,@nytimes,2017-12-11,-0.3818,0.106,0.894,0.0,34
1967,@nytimes,2017-12-11,0.0,0.0,1.0,0.0,33
1968,@nytimes,2017-12-11,0.0,0.0,1.0,0.0,32
1969,@nytimes,2017-12-11,0.0772,0.0,0.939,0.061,31
1970,@nytimes,2017-12-11,0.25,0.14,0.676,0.185,30
1971,@nytimes,2017-12-11,0.3612,0.05,0.837,0.113,29
1972,@nytimes,2017-12-11,0.4588,0.0,0.833,0.167,28
1973,@nytimes,2017-12-11,0.6597,0.0,0.526,0.474,27
1974,@nytimes,2017-12-11,-0.7184,0.316,0.684,0.0,26
1975,@nytimes,2017-12-11,-0.7906,0.241,0.759,0.0,25
1976,@nytimes,2017-12-11,-0.5267,0.386,0.614,0.0,24
1977,@nytimes,2017-12-11,0.0,0.0,1.0,0.0,23
1978,@nytimes,2017-12-11,0.0,0.0,1.0,0.0,22
1979,@nytimes,2017-12-11,0.4215,0.0,0.851,0.149,21
1980,@nytimes,2017-12-11,0.7184,0.0,0.75,0.25,20
1981,@nytimes,2017-12-11,-0.6705,0.2,0.8,0.0,19
1982,@nytimes,2017-12-11,-0.5267,0.274,0.726,0.0,18
1983,@nytimes,2017-12-11,0.1779,0.0,0.922,0.078,17
1984,@nytimes,2017-12-11,-0.4019,0.137,0.863,0.0,16
1985,@nytimes,2017-12-11,-0.6195,0.18,0.82,0.0,15
1986,@nytimes,2017-12-11,-0.1531,0.156,0.745,0.099,14
1987,@nytimes,2017-12-11,0.6369,0.0,0.543,0.457,13
1988,@nytimes,2017-12-11,0.1779,0.0,0.925,0.075,12
1989,@nytimes,2017-12-11,0.0,0.0,1.0,0.0,11
1990,@nytimes,2017-12-11,0.0,0.0,1.0,0.0,10
1991,@nytimes,2017-12-11,0.1027,0.105,0.773,0.123,9
1992,@nytimes,2017-12-11,0.0,0.0,1.0,0.0,8
1993,@nytimes,2017-12-11,-0.2263,0.128,0.872,0.0,7
1994,@nytimes,2017-12-11,0.128,0.143,0.695,0.162,6
1995,@nytimes,2017-12-11,0.0,0.0,1.0,0.0,5
1996,@nytimes,2017-12-11,0.6467,0.0,0.816,0.184,4
1997,@nytimes,2017-12-11,0.4404,0.0,0.674,0.326,3
1998,@nytimes,2017-12-11,-0.8316,0.358,0.642,0.0,2
1999,@nytimes,2017-12-11,0.0,0.0,1.0,0.0,1
